Zeit_s;Material;Fluss_lpm;Durchmesser_nm;Kommentar;CPC_conc;OPC_conc;OPC_SampleFlow;OPC_Bin0;OPC_Bin1;OPC_Bin2;OPC_Bin3;OPC_Bin4;OPC_Bin5;OPC_Bin6;OPC_Bin7;OPC_Bin8;OPC_Bin9;OPC_Bin10;OPC_Bin11;OPC_Bin12;OPC_Bin13;OPC_Bin14;OPC_Bin15;T1_C;T2_C;T3_C;T4_C
0.0;NaCl;20;200;;162.0000;;;;;;;;;;;;;;;;;;;39.33;26.94;26.40;
1.4;NaCl;20;200;;167.0000;;;;;;;;;;;;;;;;;;;39.40;27.12;26.31;
2.8;NaCl;20;200;;146.0000;;;;;;;;;;;;;;;;;;;39.36;27.08;26.12;
4.2;NaCl;20;200;;199.0000;;;;;;;;;;;;;;;;;;;39.43;27.22;26.05;
5.6;NaCl;20;200;;191.0000;;;;;;;;;;;;;;;;;;;39.43;27.18;26.03;
7.0;NaCl;20;200;;199.0000;219.8081;;2.7177;0.0000;1.8118;2.7177;4.5296;2.7177;7.7002;21.2889;24.9125;50.7310;40.3130;43.4837;13.1357;2.2648;1.8118;0.4530;39.44;27.16;26.01;
8.5;NaCl;20;200;;150.0000;198.1977;;1.7257;0.8628;0.8628;3.8828;5.6085;3.0199;8.1970;28.0424;22.0025;40.5536;37.1022;32.3566;9.9227;3.8828;0.8628;0.0000;39.44;29.18;26.03;
9.9;NaCl;20;200;;193.0000;198.3649;;0.0000;0.4274;0.0000;1.7097;7.2662;3.4194;11.9679;28.6376;25.2182;42.7426;35.9038;28.6376;9.4034;3.4194;0.4274;0.0000;39.41;29.36;26.11;
11.3;NaCl;20;200;;191.0000;187.2973;;0.4273;0.0000;1.2819;2.1364;6.8366;4.2729;8.1185;22.2190;35.0377;51.7020;27.7738;16.6643;9.8277;0.8546;0.8546;0.0000;39.42;29.40;26.17;
12.7;NaCl;20;200;;179.0000;227.3108;;0.0000;0.0000;0.8547;3.8462;5.9829;5.9829;8.9744;29.4874;32.9062;53.4192;44.4447;25.6412;12.3932;3.8462;0.4274;0.0000;39.44;29.42;26.29;
14.1;NaCl;20;200;;179.0000;208.8411;;1.2513;0.4171;0.4171;2.0855;5.8393;2.0855;17.1009;25.8599;30.4480;48.8001;32.1163;32.1163;7.9248;2.5026;0.8342;0.0000;39.46;29.37;26.33;
15.5;NaCl;20;200;;215.0000;214.2386;;0.8343;0.0000;1.2514;0.8343;5.4227;2.9199;12.5139;36.7075;33.7876;47.9701;34.6219;25.0279;10.4283;2.0857;0.8343;0.0000;39.47;29.16;26.42;
16.9;NaCl;20;200;;177.0000;225.4488;;2.0853;0.0000;0.8341;5.8390;4.5878;4.5878;11.6779;32.5313;33.3655;50.0482;38.3703;27.1094;12.5121;1.2512;0.4171;1.2512;39.57;29.38;26.44;
18.3;NaCl;20;200;;223.0000;209.2563;;2.9162;0.0000;0.8332;1.6664;4.9991;4.9991;5.4157;14.1642;30.4115;48.7416;40.8263;37.0770;14.1642;2.9162;0.4166;0.4166;39.58;29.20;26.63;
19.7;NaCl;20;200;;199.0000;122.0662;;2.0828;0.0000;0.0000;0.8331;2.0828;2.0828;2.4994;10.4140;17.0789;32.4917;25.8267;17.9121;7.4981;0.8331;0.8331;0.0000;39.60;29.01;26.70;
21.2;NaCl;20;200;;201.0000;231.4757;;1.6567;0.0000;0.8284;7.4553;4.5560;3.7277;9.5263;28.9930;28.5788;54.6725;41.8327;34.3774;12.8397;1.6567;1.6567;0.0000;39.54;28.95;26.74;
22.6;NaCl;20;200;;248.0000;251.6937;;2.0708;0.0000;0.4142;2.8992;5.3842;4.1417;23.1934;46.3868;43.0734;54.2560;31.0626;27.3351;8.6975;3.7275;0.0000;0.0000;39.54;28.77;26.79;
24.0;NaCl;20;200;;244.0000;246.2982;;4.5692;0.4154;1.2461;2.9077;4.5692;4.1538;13.7075;35.3072;41.9533;66.0452;36.9687;24.0920;9.5537;1.6615;0.4154;0.0000;39.54;28.50;26.88;
25.4;NaCl;20;200;;207.0000;123.5623;;0.8298;0.0000;0.0000;0.8298;2.0745;2.0745;3.7342;12.0323;15.7665;32.3628;27.7988;19.0857;4.1491;2.0745;1.2447;0.0000;39.61;27.85;26.99;
26.8;NaCl;20;200;;217.0000;258.2825;;1.6602;0.0000;1.6602;2.0753;7.0560;6.6409;13.2819;27.3938;38.1854;57.2780;43.9962;39.0155;15.7722;3.7355;1.2452;0.4151;39.57;26.50;27.01;
28.2;NaCl;20;200;;231.0000;250.4307;;2.4905;0.0000;0.8302;1.2452;1.6603;6.2261;14.5277;38.1870;36.9418;65.9971;41.0925;27.3950;11.6221;3.3206;0.0000;0.0000;39.57;25.41;27.14;
29.6;NaCl;20;200;;235.0000;315.0355;;2.1103;0.4221;0.4221;4.2206;3.3765;3.7985;9.7073;31.6543;35.8749;56.9778;59.5101;68.7954;27.0117;10.5514;1.2662;0.4221;39.54;24.91;27.19;
31.0;NaCl;20;200;;229.0000;315.0355;;4.6476;0.0000;0.8450;1.2675;4.6476;5.9151;12.6753;35.4908;43.0960;84.0795;51.9687;46.4761;17.3229;5.4926;2.5351;0.0000;39.60;24.97;27.15;
32.4;NaCl;20;200;;231.0000;184.2264;;2.1116;0.0000;0.0000;0.4223;0.4223;1.2670;2.5340;18.1601;21.9611;38.0096;40.5436;28.2960;21.5388;7.6019;2.1116;0.0000;39.66;25.03;27.18;
33.9;NaCl;20;200;;213.0000;260.3564;;2.5325;0.0000;0.8442;3.3767;1.2663;3.7988;5.0650;21.1042;32.9226;64.5790;49.3839;52.3385;18.1496;4.6429;1.2663;0.0000;39.65;25.03;27.19;
35.3;NaCl;20;200;;229.0000;275.8579;;3.3327;0.4166;1.6664;0.4166;0.0000;3.3327;9.5816;30.8278;42.4924;72.0705;50.4077;42.0758;15.8305;3.3327;0.8332;0.4166;39.65;25.00;27.01;
36.7;NaCl;20;200;;229.0000;259.2650;;7.0816;0.0000;0.4166;2.4994;2.0828;2.4994;13.7467;25.8271;28.7430;59.5689;47.9051;45.4057;19.5786;4.1657;0.8331;0.0000;39.63;24.92;26.79;
38.1;NaCl;20;200;;181.0000;51.8530;;0.8328;0.0000;0.0000;0.4164;0.4164;0.0000;0.4164;4.1638;6.6621;10.4095;13.3241;9.9931;4.9965;0.4164;0.0000;0.0000;39.65;24.94;26.70;
39.5;NaCl;20;200;;211.0000;260.0946;;3.3317;0.0000;0.8329;2.4988;1.6659;4.5811;11.2446;26.2375;31.2351;64.1360;50.3926;43.3126;18.3246;2.9153;0.4165;0.0000;39.63;25.05;26.62;
40.9;NaCl;20;200;;231.0000;160.6892;;3.7118;0.4124;0.4124;0.4124;1.2373;1.2373;8.6609;13.6099;28.0447;28.8695;32.5813;26.8074;11.5478;2.4745;0.8248;0.4124;39.64;24.89;26.66;
42.3;NaCl;20;200;;191.0000;168.0867;;4.5383;0.0000;0.0000;2.0629;3.3006;2.4754;4.1257;15.6777;18.9783;33.4183;35.0686;30.9429;14.8526;2.4754;0.4126;0.4126;39.63;24.85;26.63;
43.7;NaCl;20;200;;181.0000;246.9929;;4.5387;0.0000;0.4126;1.2378;1.6504;1.2378;17.3295;32.5960;41.6733;55.7019;39.6103;32.5960;12.7908;5.3639;0.8252;0.4126;39.67;25.03;26.59;
45.1;NaCl;20;200;;246.0000;265.4865;;2.0636;0.0000;0.8254;3.3017;1.6509;3.3017;10.3178;30.1281;36.7315;63.9705;44.5730;44.5730;15.6831;6.1907;2.4763;0.8254;39.65;25.01;26.65;
46.5;NaCl;20;200;;235.0000;257.2671;;2.0635;0.0000;0.8254;2.8889;0.8254;2.4762;11.1428;25.1744;40.4442;63.9678;49.5235;38.7934;12.7936;5.3650;0.8254;1.2381;39.65;24.95;26.63;
48.0;NaCl;20;200;;213.0000;265.8975;;0.4126;0.0000;1.2378;1.6504;2.0630;3.7135;18.1547;30.5329;36.3094;59.8280;48.2750;35.8968;21.8682;6.1891;0.4126;0.4126;39.67;24.94;26.71;
49.4;NaCl;20;200;;252.0000;233.8418;;3.7124;0.0000;0.8250;3.2999;2.4750;0.8250;6.1874;18.9746;27.2245;59.3989;42.0742;41.2492;18.5621;8.6623;0.8250;0.4125;39.70;25.01;26.77;
50.8;NaCl;20;200;;197.0000;237.5405;;3.2991;0.0000;0.0000;2.8867;4.5362;1.2372;2.8867;17.3202;28.0423;50.7235;62.2703;44.5377;13.6087;3.2991;2.8867;0.8248;39.72;25.07;26.85;
52.2;NaCl;20;200;;242.0000;195.6216;;3.2999;0.0000;0.4125;2.4749;1.6499;2.0624;4.9498;15.2619;25.9865;50.7355;39.5984;30.5238;14.0244;4.9498;0.4125;0.0000;39.66;24.89;26.86;
53.6;NaCl;20;200;;244.0000;214.6405;;4.0439;0.0000;0.4044;2.4264;3.2351;2.0220;7.2791;25.8812;25.8812;50.5492;31.5427;33.5647;21.0285;5.2571;0.8088;1.6176;39.74;25.13;26.94;
55.0;NaCl;20;200;;217.0000;156.2486;;2.4269;0.0000;0.4045;0.8090;2.4269;2.0224;1.2134;10.9210;21.8419;31.5495;29.1226;28.7181;19.8195;3.6403;1.6179;0.4045;39.72;25.06;26.93;
56.4;NaCl;20;200;;195.0000;234.7757;;2.0218;0.0000;0.4044;2.0218;0.8087;1.2131;4.4479;21.0262;32.3480;53.7786;44.8829;46.0959;19.8132;6.0653;0.8087;0.0000;39.74;25.06;26.94;
57.9;NaCl;20;200;;205.0000;240.4135;;3.6376;0.0000;1.2125;1.6167;1.6167;1.2125;9.2961;16.5713;31.5258;64.6683;53.3514;36.7801;13.7420;4.0418;1.6167;0.4042;39.71;24.99;26.98;
59.3;NaCl;20;200;;219.0000;45.1027;;0.0000;0.0000;0.0000;0.4043;1.2130;0.0000;0.8086;6.0649;4.8519;13.3427;6.0649;8.4908;2.0216;1.6173;0.4043;0.0000;39.72;25.05;26.95;
60.7;NaCl;20;200;;217.0000;233.5676;;6.0620;0.0000;0.0000;0.4041;2.4248;0.8083;10.5075;33.9472;35.1596;54.9622;34.7555;30.7142;17.3778;5.6579;1.6165;0.0000;39.70;24.96;26.96;
62.1;NaCl;20;200;;225.0000;217.8622;;2.8296;0.0000;0.4042;2.4254;2.8296;2.8296;8.8930;24.2537;41.2314;48.5075;37.5933;24.2537;14.9565;5.2550;2.4254;0.0000;39.72;25.02;26.92;
63.5;NaCl;20;200;;242.0000;248.4676;;4.4485;0.0000;0.0000;1.2132;1.2132;0.8088;11.3235;29.5220;38.0146;55.4043;49.7425;34.7793;14.1544;7.2794;0.8088;0.8088;39.71;24.88;26.86;
64.9;NaCl;20;200;;181.0000;241.2189;;3.2338;0.0000;1.2127;2.0211;1.6169;2.8296;11.7226;27.0833;32.7426;61.4428;42.0398;33.5510;18.5945;3.6381;0.4042;0.0000;39.71;25.07;26.74;
66.3;NaCl;20;200;;215.0000;261.7568;;4.0429;0.0000;0.4043;0.8086;2.4257;3.2343;11.7244;26.2788;38.8118;65.0906;49.7276;38.0032;15.7673;5.2558;1.2129;0.0000;39.73;24.99;26.64;
67.7;NaCl;20;200;;217.0000;239.6396;;2.7704;0.0000;0.3958;3.1661;1.1873;1.5831;12.2687;30.0782;35.6189;60.1563;35.6189;36.8062;15.4348;4.3534;0.3958;0.7915;39.69;24.92;26.59;
69.1;NaCl;20;200;;195.0000;225.4504;;1.9791;0.0000;0.7916;0.7916;1.5833;3.5624;10.2914;36.0200;34.0409;53.0405;32.4576;31.6660;13.4580;5.9374;0.3958;0.3958;39.71;25.01;26.48;
70.5;NaCl;20;200;;240.0000;230.9685;;1.9784;0.0000;1.5827;0.3957;3.5610;1.1870;13.8485;30.4667;36.0061;53.4157;34.8191;40.3585;10.6831;2.7697;0.7913;0.0000;39.69;24.86;26.39;
72.0;NaCl;20;200;;235.0000;220.0771;;4.2698;0.3882;0.7763;1.1645;2.3290;1.9408;10.4804;26.0068;29.8884;45.8031;38.0398;38.0398;16.6909;4.2698;0.3882;0.3882;39.70;24.99;26.53;
73.4;NaCl;20;200;;209.0000;224.1956;;3.4495;0.3833;1.1498;1.1498;1.5331;0.0000;6.8990;22.9965;26.0627;57.4913;48.2927;40.6272;13.0314;1.5331;0.3833;0.0000;39.74;25.67;26.56;
74.8;NaCl;20;200;;248.0000;235.4872;;3.5935;0.3993;0.7986;2.3957;2.3957;1.1978;8.7842;27.1511;44.7195;59.0937;41.5253;30.7447;10.7806;1.5971;1.1978;0.0000;39.80;25.66;26.47;
76.2;NaCl;20;200;;209.0000;54.0984;;0.7987;0.0000;0.0000;0.3993;0.3993;0.0000;1.9967;4.7921;5.1914;12.3796;16.3730;9.1849;1.9967;0.7987;0.0000;0.0000;39.78;25.28;26.38;
77.6;NaCl;20;200;;197.0000;275.2654;;4.3938;0.0000;0.7989;1.5977;1.1983;1.5977;10.3853;34.3515;35.9492;70.3007;45.9351;46.3345;17.1757;4.3938;1.1983;0.7989;39.76;25.29;26.31;
79.0;NaCl;20;200;;239.0000;269.7388;;3.1704;0.3963;0.0000;1.1889;3.1704;3.1704;8.3223;31.3079;43.9895;68.5603;49.9341;39.6302;13.4743;3.1704;0.7926;0.3963;39.79;25.30;26.31;
80.4;NaCl;20;200;;211.0000;54.6892;;2.3205;0.7735;0.0000;0.0000;1.5470;1.1603;1.5470;6.5748;5.8013;12.7628;9.6688;6.9615;3.8675;1.9338;0.0000;0.0000;39.78;25.32;26.24;
81.8;NaCl;20;200;;225.0000;154.4392;;2.3196;0.0000;0.0000;0.3866;0.7732;2.3196;6.9587;17.3968;25.9019;37.4997;23.9689;25.1287;8.5051;3.4794;0.0000;0.3866;39.81;25.40;26.21;
83.2;NaCl;20;200;;217.0000;62.7770;;0.3868;0.0000;0.0000;0.0000;0.3868;0.0000;0.3868;6.5763;7.7369;16.6343;14.7000;11.6053;2.3211;1.5474;0.3868;0.3868;39.81;25.26;26.15;
84.6;NaCl;20;200;;211.0000;248.7794;;2.6858;0.3837;0.0000;0.7674;2.6858;1.1510;7.6736;23.7882;35.2986;66.7604;49.4948;37.9843;15.7309;4.6042;0.3837;0.3837;39.83;25.28;26.20;
86.0;NaCl;20;200;;205.0000;230.0541;;6.1377;0.0000;0.7672;2.6852;1.5344;2.3016;6.5213;20.7147;24.1672;55.6229;45.6491;44.1147;17.6459;1.9180;0.7672;0.3836;39.83;25.23;26.14;
87.5;NaCl;20;200;;215.0000;264.4475;;2.3014;0.0000;0.3836;1.9178;1.9178;1.9178;8.8220;23.0139;39.5072;68.6582;51.7813;46.0278;14.1919;3.0685;1.5343;0.3836;39.83;25.24;26.06;
88.9;NaCl;20;200;;193.0000;235.3563;;3.8226;0.3823;0.3823;1.1468;1.9113;1.5290;9.9388;21.0244;32.8746;59.6329;49.6941;38.6085;11.8501;2.6758;0.7645;0.0000;39.85;25.23;26.04;
90.3;NaCl;20;200;;211.0000;218.5995;;1.1474;0.0000;1.1474;0.3825;2.2947;0.7649;7.2666;21.4172;32.1259;49.3362;47.0415;41.6871;11.4735;2.2947;0.7649;0.3825;39.82;25.17;26.01;
91.7;NaCl;20;200;;203.0000;275.3307;;2.6328;0.8776;0.8776;1.3164;1.7552;2.6328;11.8477;31.1549;34.6654;64.9427;61.8711;45.1966;14.0417;1.7552;0.8776;0.0000;39.83;25.17;25.95;
93.1;NaCl;20;200;;242.0000;250.4198;;1.7551;0.0000;0.0000;1.3163;3.5103;4.8266;14.4798;32.0312;40.3681;55.2867;47.3886;34.2251;14.4798;1.3163;0.4388;0.0000;39.81;25.17;25.93;
94.5;NaCl;20;200;;215.0000;251.3007;;0.8701;0.4350;1.7402;0.8701;1.7402;1.7402;16.9666;32.6280;33.4981;57.4253;53.9450;34.8032;12.1811;2.1752;1.3051;0.0000;39.83;25.25;25.94;
95.9;NaCl;20;200;;235.0000;259.1395;;1.2833;0.4278;1.2833;2.9943;2.5666;2.1388;5.1331;35.5039;34.2207;66.3026;52.1865;38.9260;14.5438;1.2833;1.2833;0.0000;39.79;25.26;25.92;
97.3;NaCl;20;200;;223.0000;284.4038;;2.9837;0.4262;0.8525;2.1312;1.2787;2.1312;14.4924;50.2972;49.8709;69.9046;45.1822;33.2473;8.5249;3.4100;0.4262;0.4262;39.80;25.21;25.90;
98.7;NaCl;20;200;;223.0000;297.9873;;2.9826;0.0000;0.8522;2.5565;2.1304;1.7043;9.7999;26.4172;48.9996;78.3993;57.5212;45.5909;16.6172;3.8347;1.2782;0.4261;39.80;25.30;25.86;
100.1;NaCl;20;200;;201.0000;287.3752;;3.8364;0.0000;0.8525;3.8364;3.4101;1.7051;10.6566;24.2971;31.1174;74.1702;65.2186;50.7256;14.9193;2.9839;0.4263;0.4263;39.84;25.29;25.82;
101.5;NaCl;20;200;;217.0000;239.2744;;6.3484;0.4232;0.8465;0.8465;2.1161;2.5394;8.0413;15.6594;27.5097;55.4426;52.4800;47.8245;12.6968;6.7716;0.8465;0.0000;39.80;25.33;25.91;
102.9;NaCl;20;200;;237.0000;257.3885;;2.1150;0.0000;0.4230;2.1150;4.2301;3.3841;12.6903;28.3416;35.5327;63.8743;46.5309;41.0318;13.1133;4.2301;0.4230;0.4230;39.82;25.23;26.02;
104.4;NaCl;20;200;;225.0000;47.6021;;0.8457;0.0000;0.0000;0.0000;0.0000;0.8457;2.9598;6.3424;6.3424;11.4163;10.1479;7.1881;0.8457;0.4228;0.4228;0.0000;39.82;25.31;25.97;
105.8;NaCl;20;200;;250.0000;270.4475;;1.6923;0.0000;1.2692;2.1154;1.6923;2.9615;7.1922;32.5765;40.6149;57.1147;52.4609;45.6918;19.8844;5.9230;0.4231;0.0000;39.80;25.33;25.96;
107.2;NaCl;20;200;;203.0000;286.0340;;3.8063;0.0000;0.4229;1.6917;4.6522;4.6522;18.6088;40.1781;48.2137;65.1307;49.4825;35.5259;12.6878;1.6917;0.4229;0.0000;39.84;25.37;26.01;
108.6;NaCl;20;200;;254.0000;110.3695;;1.6921;0.0000;0.0000;1.6921;1.2691;0.0000;5.4992;9.7294;16.4977;26.6501;30.0342;10.1524;5.9222;1.6921;0.0000;0.0000;39.82;25.40;25.96;
110.0;NaCl;20;200;;233.0000;248.4229;;2.4857;0.8286;1.2429;1.6572;0.4143;2.0714;7.4572;24.0288;35.6288;62.1433;51.7861;40.1860;16.1573;2.4857;0.4143;0.4143;39.83;25.18;26.03;
111.4;NaCl;20;200;;225.0000;264.6560;;1.6474;0.4118;0.8237;2.8829;1.2355;2.4711;17.7095;43.6559;42.0085;71.2497;41.5967;25.5346;10.7081;3.2948;0.4118;0.0000;39.78;25.31;25.99;
112.8;NaCl;20;200;;237.0000;269.0010;;3.2762;0.4095;1.6381;2.0476;2.8667;4.0953;11.8762;35.6287;39.7240;65.1146;49.9621;33.5811;15.9715;4.0953;0.0000;0.0000;39.79;25.37;25.98;
114.2;NaCl;20;200;;233.0000;245.7691;;2.4568;0.0000;0.4095;0.4095;4.5041;3.2757;9.0082;29.4814;36.4423;66.7426;51.1830;31.5287;10.6461;0.8189;0.0000;0.0000;39.74;25.23;26.11;
115.7;NaCl;20;200;;217.0000;238.0100;;2.0818;0.0000;0.4164;2.4982;1.6655;2.4982;14.1564;25.8147;32.8929;57.4585;47.4657;31.6438;12.4910;5.4128;1.6655;0.8327;39.81;25.46;26.22;
117.1;NaCl;20;200;;187.0000;260.9282;;3.3161;0.4145;1.2435;2.9016;2.4871;3.3161;7.0468;19.8967;33.1612;63.0062;49.3273;53.0579;15.3370;6.6322;0.8290;0.0000;39.79;25.46;26.16;
118.5;NaCl;20;200;;246.0000;235.4636;;2.4715;0.4119;0.4119;2.8834;3.2954;2.0596;14.8291;37.0728;33.7774;49.0185;35.4251;32.5417;16.4768;4.9430;0.4119;0.4119;39.83;25.55;26.10;
119.9;NaCl;20;200;;237.0000;235.7730;;2.8622;0.0000;0.8178;2.0444;2.4533;0.8178;6.9510;23.3063;46.6125;65.0122;44.1593;28.6217;8.1776;3.6799;0.8178;0.4089;39.80;25.35;26.02;
121.3;NaCl;20;200;;268.0000;117.2757;;0.8175;0.0000;0.0000;0.8175;1.6350;1.2262;5.3136;13.0797;18.3934;26.9770;21.6633;19.2109;7.7661;0.0000;0.8175;0.0000;39.83;25.28;26.01;
122.7;NaCl;20;200;;223.0000;59.4523;;1.2262;0.0000;0.0000;0.0000;1.2262;0.8175;1.6350;3.6787;11.8535;13.4885;11.8535;9.8098;3.2699;0.4087;0.4087;0.0000;39.82;25.36;26.11;
124.1;NaCl;20;200;;258.0000;231.2937;;1.6349;0.0000;0.4087;2.4523;4.0872;2.4523;13.0792;30.6543;35.9677;56.8127;34.7416;35.9677;10.6268;0.8174;1.6349;0.8174;39.81;25.20;26.08;
125.5;NaCl;20;200;;276.0000;237.4018;;1.6349;0.0000;0.4087;1.6349;2.4523;1.2262;8.1745;27.3845;35.1503;48.2295;50.2731;41.6899;12.2617;6.1309;1.2262;0.4087;39.81;25.29;26.02;
126.9;NaCl;20;200;;189.0000;252.0613;;4.4976;0.0000;0.4089;2.0444;2.8621;1.2266;10.6307;29.0300;33.5276;65.4197;38.8430;40.4785;17.9904;4.0887;1.6355;0.4089;39.83;25.41;25.95;
128.3;NaCl;20;200;;219.0000;244.7315;;2.0440;0.4088;0.4088;4.9056;2.0440;2.0440;11.0377;23.3018;33.1131;63.3645;47.0124;34.7483;13.4905;6.5409;0.8176;0.4088;39.84;25.33;25.96;
129.7;NaCl;20;200;;229.0000;252.9630;;2.4382;0.0000;1.2191;1.6254;2.8445;2.8445;11.7845;34.5408;48.3571;58.5161;39.8235;32.1026;14.2227;2.8445;0.4064;0.4064;39.85;25.33;25.93;
131.2;NaCl;20;200;;207.0000;142.0640;;1.6248;0.0000;0.0000;0.0000;1.2186;2.0310;4.0620;19.9036;24.3718;31.6833;24.7780;16.2479;12.5921;1.6248;1.2186;1.2186;39.84;25.15;26.17;
132.6;NaCl;20;200;;197.0000;240.4160;;2.0315;0.4063;1.6252;3.2504;1.6252;2.8441;16.2520;34.1293;33.7230;52.8191;40.2238;32.0978;15.0331;3.6567;1.6252;0.0000;39.87;25.32;26.13;
134.0;NaCl;20;200;;260.0000;232.7259;;1.2189;0.0000;0.4063;1.6252;0.8126;1.2189;10.5636;21.5335;33.7223;55.6620;52.8180;30.0656;15.4391;6.5007;2.0315;0.0000;39.87;25.37;26.17;
135.4;NaCl;20;200;;201.0000;182.1334;;1.2190;0.0000;0.8127;0.8127;1.6253;1.6253;3.6570;18.6914;21.9421;47.5413;36.9766;28.4435;14.2218;4.8760;0.4063;0.0000;39.85;25.45;26.15;
136.8;NaCl;20;200;;195.0000;242.0350;;2.4379;0.0000;0.4063;3.6569;3.2505;0.8126;11.3769;26.8170;32.5055;69.8868;45.5077;31.2865;7.7200;4.8758;1.6253;0.8126;39.87;25.25;26.18;
138.2;NaCl;20;200;;189.0000;201.5609;;4.0645;0.0000;0.8129;2.4387;2.8451;1.6258;7.7225;22.7611;28.0450;54.8706;33.3288;23.5740;13.8193;4.8774;1.6258;0.0000;39.90;25.40;26.22;
139.6;NaCl;20;200;;274.0000;99.1529;;0.4029;0.0000;0.0000;0.8059;0.4029;0.4029;3.6264;9.2675;10.4763;18.1320;23.3701;16.5203;11.2821;4.0293;0.8059;0.0000;39.90;25.31;26.19;
141.0;NaCl;20;200;;211.0000;183.0515;;1.6119;0.0000;0.0000;0.4030;0.4030;0.8060;2.8208;19.3429;29.0143;48.3571;41.5065;25.7905;9.6714;2.8208;0.8060;0.4030;39.89;25.62;26.16;
142.4;NaCl;20;200;;242.0000;217.5744;;3.2246;0.4031;0.4031;0.8062;0.4031;2.8216;7.6585;26.2002;26.2002;54.0127;36.2772;38.2926;14.9140;4.8370;0.8062;1.2092;39.91;25.69;26.16;
143.8;NaCl;20;200;;197.0000;228.4785;;1.5964;0.3991;0.0000;1.1973;2.7938;1.5964;4.3902;21.1529;32.7271;55.0772;43.5030;41.9066;15.9644;4.7893;1.5964;0.3991;39.89;25.70;26.06;
145.2;NaCl;20;200;;213.0000;218.1293;;3.1990;0.0000;1.1996;1.1996;2.3993;1.5995;8.3975;23.9928;34.3897;51.5846;36.7890;34.7896;13.5959;3.5989;1.9994;0.3999;39.88;25.59;26.07;
146.6;NaCl;20;200;;201.0000;195.8387;;1.9988;0.0000;0.0000;1.5990;2.3986;0.7995;5.9964;23.5859;30.7815;43.1741;39.5763;31.1813;10.3938;4.7971;0.3998;0.0000;39.88;25.60;26.04;
148.1;NaCl;20;200;;237.0000;203.4016;;3.1969;0.0000;0.7992;3.5965;1.5985;1.9981;10.7896;16.7838;28.7723;47.5542;39.1622;32.3688;11.9884;3.1969;1.9981;0.3996;39.90;25.50;25.99;
149.5;NaCl;20;200;;233.0000;226.4678;;1.1943;0.3981;0.0000;1.9905;0.0000;1.5924;8.7581;27.8666;31.4494;54.1408;40.6056;37.4208;17.1180;3.9809;0.3981;0.3981;39.88;25.47;26.04;
150.9;NaCl;20;200;;195.0000;239.5561;;4.3801;0.7964;0.0000;0.7964;1.1946;1.9909;7.5656;21.5021;29.4659;63.3118;48.5789;40.6151;15.5293;2.7873;1.9909;0.0000;39.90;25.31;26.04;
152.3;NaCl;20;200;;199.0000;220.1219;;3.9807;0.0000;0.7961;1.5923;1.1942;3.5826;9.9517;27.0686;34.2339;48.9624;40.6030;33.4377;11.5440;3.5826;0.3981;0.0000;39.91;25.44;26.03;
153.7;NaCl;20;200;;223.0000;190.5628;;1.1815;0.7877;0.7877;0.7877;1.5753;2.3630;7.8767;19.6918;35.0513;43.3219;35.0513;29.5376;9.8459;3.1507;0.0000;0.3938;39.91;25.38;26.01;
155.1;NaCl;20;200;;187.0000;219.8955;;1.1752;0.3917;0.7835;1.9587;3.1339;1.9587;12.1440;24.6797;27.4219;48.5759;43.4832;37.9989;12.9275;2.3504;1.5670;0.3917;39.89;25.37;25.95;
156.5;NaCl;20;200;;225.0000;209.7474;;4.6701;0.3892;0.7783;0.7783;1.1675;1.1675;8.1726;26.8529;30.3555;48.6466;36.9714;37.3606;9.7293;2.3350;0.3892;0.7783;39.87;25.36;26.15;
157.9;NaCl;20;200;;225.0000;84.9416;;0.7722;0.0000;0.0000;0.3861;0.7722;0.7722;1.9306;8.8806;13.9001;27.8002;13.1279;9.6528;5.7917;1.1583;0.3861;0.0000;39.87;25.42;26.14;
159.3;NaCl;20;200;;219.0000;217.1583;;1.9304;0.0000;1.1582;1.9304;1.9304;0.7722;7.3355;24.7092;26.2535;56.7539;40.5385;40.9245;11.1963;1.5443;1.1582;0.0000;39.86;25.18;26.03;
160.7;NaCl;20;200;;201.0000;217.9270;;4.6313;0.0000;0.3859;2.7016;2.7016;1.5438;14.2798;40.1378;29.7174;46.3128;35.1205;25.8580;11.1923;3.4735;0.7719;0.0000;39.83;25.25;25.96;
162.1;NaCl;20;200;;187.0000;218.6957;;1.1576;0.3859;0.3859;0.7717;1.5434;2.7010;9.6464;31.6403;36.6565;55.9493;39.7433;25.0807;7.3313;3.4727;2.7010;0.3859;39.88;25.16;26.07;
163.5;NaCl;20;200;;239.0000;205.8939;;0.7690;0.3845;1.1535;1.5381;2.6916;4.2297;14.9961;28.4541;28.4541;43.0657;33.0683;30.3767;14.9961;1.9226;0.3845;0.3845;39.85;25.06;26.04;
165.0;NaCl;20;200;;199.0000;37.1221;;0.0000;0.0000;0.0000;0.0000;0.3842;0.3842;1.1525;3.8418;7.2994;10.7570;6.5310;4.9943;0.7684;0.3842;0.7684;0.0000;39.84;24.94;25.94;
166.4;NaCl;20;200;;201.0000;234.2138;;3.8391;0.0000;1.1517;2.6874;0.7678;5.3748;10.3657;35.3201;34.9362;55.6676;44.1502;30.3292;8.0622;1.1517;0.7678;0.3839;39.86;25.04;25.95;
167.8;NaCl;20;200;;235.0000;210.4926;;1.1466;0.0000;1.1466;1.5288;3.0576;1.9110;9.1727;29.8112;37.8373;50.0675;33.2510;27.9002;11.0837;2.2932;1.1466;0.0000;39.88;25.17;25.90;
169.2;NaCl;20;200;;213.0000;208.9701;;1.5297;0.0000;0.0000;0.3824;1.9122;3.8243;8.7959;29.0649;31.3595;54.3054;39.0081;24.4757;10.7081;3.4419;1.1473;0.0000;39.88;25.28;25.87;
170.6;NaCl;20;200;;244.0000;213.6625;;2.2769;0.3795;0.7590;1.5179;1.8974;2.6564;10.2461;29.5997;35.6714;50.8508;36.8099;26.9433;12.1435;2.2769;0.3795;0.0000;39.86;25.24;25.92;
172.0;NaCl;20;200;;201.0000;226.8983;;0.7594;0.0000;0.7594;1.8986;1.5189;3.4175;13.2902;38.3516;37.9719;58.8565;39.8705;21.6440;6.8349;2.2783;0.3797;0.0000;39.87;25.09;25.85;
173.4;NaCl;20;200;;213.0000;208.3682;;0.7592;0.0000;0.3796;3.0368;2.6572;1.8980;6.8327;24.6738;28.4698;53.9028;34.9229;31.5066;13.6655;3.7960;2.6572;0.0000;39.85;25.14;25.88;
174.8;NaCl;20;200;;189.0000;240.1340;;3.4175;0.0000;0.0000;1.1392;0.7595;2.2784;14.4296;34.1755;32.6565;59.6172;42.5294;30.3782;14.4296;5.3162;0.0000;0.0000;39.89;25.13;25.83;
176.2;NaCl;20;200;;191.0000;209.1246;;0.7591;0.0000;0.0000;0.7591;2.6568;1.8977;9.4887;23.1524;33.0207;54.2754;35.6775;35.6775;7.9705;2.6568;0.7591;1.1386;39.86;25.19;25.77;
177.6;NaCl;20;200;;207.0000;199.2923;;2.6575;0.0000;1.1389;1.1389;1.8982;0.7593;7.2133;26.9549;28.0938;55.4283;39.8628;27.7142;6.0743;0.3796;0.3796;0.3796;39.88;25.23;25.75;
179.0;NaCl;20;200;;235.0000;217.0660;;1.8980;0.0000;0.3796;1.1388;1.8980;3.0368;12.5270;23.9151;31.1276;53.1447;38.3401;33.4053;11.7678;2.6572;1.8980;0.7592;39.84;25.01;25.75;
180.4;NaCl;20;200;;201.0000;206.4774;;0.7593;0.3796;1.5186;0.7593;1.1389;1.5186;13.2876;26.1956;34.1681;52.3911;36.8257;28.4734;7.5929;1.8982;0.0000;0.3796;39.86;25.19;25.86;
181.8;NaCl;20;200;;235.0000;228.3373;;0.3773;0.3773;0.3773;2.2639;2.6412;1.5093;7.5463;26.0348;34.3358;59.2387;47.9192;29.4307;11.3195;5.2824;0.3773;0.0000;39.83;24.88;25.96;
183.3;NaCl;20;200;;187.0000;207.6478;;0.7552;0.0000;0.7552;1.8879;1.5103;2.2655;13.5927;39.6454;32.8490;53.2381;32.4715;21.1442;5.6636;2.6430;0.0000;0.0000;39.78;24.79;25.94;
184.7;NaCl;20;200;;183.0000;211.4095;;1.8876;0.0000;0.7551;1.5101;1.1326;1.5101;18.4988;38.8852;35.4875;48.3234;30.9572;20.0089;9.8157;1.8876;1.1326;0.3775;39.81;26.14;25.95;
186.1;NaCl;20;200;;215.0000;202.7575;;3.3986;0.0000;0.0000;2.6434;3.7762;3.3986;12.4616;28.6994;38.8952;49.0911;27.9441;21.1469;9.4406;2.2657;0.3776;0.0000;39.87;26.24;25.97;
187.5;NaCl;20;200;;215.0000;194.8579;;1.8882;0.0000;0.0000;1.5105;1.8882;3.0211;12.8395;26.4342;30.5882;46.4487;34.7421;24.5461;7.9303;2.6434;0.7553;0.3776;39.85;26.10;25.94;
188.9;NaCl;20;200;;199.0000;233.9799;;1.5106;0.0000;0.7553;0.7553;1.1329;3.3988;12.0845;33.2323;35.1205;44.5615;46.8273;38.5193;13.5950;2.2658;1.1329;0.0000;39.87;25.89;25.91;
190.3;NaCl;20;200;;193.0000;279.8731;;1.8897;0.0000;0.0000;0.3779;3.0236;3.4015;7.5589;28.3460;44.2198;75.2115;53.2906;43.4639;12.0943;6.4251;1.5118;0.3779;39.88;25.79;25.99;
191.7;NaCl;20;200;;207.0000;282.8825;;2.2642;0.0000;0.0000;0.0000;1.8868;0.3774;6.4152;36.6044;51.3216;75.8504;51.6990;39.6233;13.2078;4.1510;0.3774;0.0000;39.89;25.78;25.89;
193.1;NaCl;20;200;;171.0000;122.2564;;2.2655;0.0000;0.3776;0.3776;1.1327;0.7552;1.5103;12.4602;18.1240;36.6256;16.6137;20.0119;9.8172;2.6431;0.0000;0.0000;39.87;25.67;25.84;
194.5;NaCl;20;200;;229.0000;269.3402;;2.2655;0.0000;0.0000;0.3776;0.7552;0.7552;7.9291;29.8284;41.5333;74.7599;53.2381;40.4005;14.7254;3.3982;0.3776;0.0000;39.89;25.68;25.85;
195.9;NaCl;20;200;;237.0000;58.3069;;0.7552;0.0000;0.0000;0.0000;0.0000;0.3776;1.5104;3.7759;7.9294;16.6140;13.5933;9.4398;3.3983;0.7552;0.3776;0.0000;39.89;25.69;25.88;
197.3;NaCl;20;200;;221.0000;273.8543;;2.6449;0.0000;0.0000;0.0000;0.3778;0.3778;7.5568;21.5370;41.5626;68.3894;52.1422;47.6081;23.8040;7.1790;1.8892;0.0000;39.89;25.71;25.89;
198.7;NaCl;20;200;;229.0000;286.2680;;3.7791;0.0000;0.3779;0.7558;1.1337;1.5117;9.4479;27.5878;50.6406;72.9376;55.1756;37.4136;20.0295;6.4246;0.0000;0.3779;39.88;25.76;25.83;
200.2;NaCl;20;200;;223.0000;282.5063;;3.0185;0.0000;0.0000;0.0000;0.3773;2.2639;6.7916;18.4881;39.2401;69.8021;70.5567;46.7862;18.4881;5.2823;1.8865;0.3773;39.88;25.77;25.84;
201.6;NaCl;20;200;;225.0000;170.0304;;1.1325;0.0000;0.0000;0.3775;1.1325;0.0000;4.9076;17.7430;27.5583;43.7912;35.1085;19.6305;15.1004;3.0201;0.7550;0.3775;39.89;25.77;25.81;
203.0;NaCl;20;200;;233.0000;273.1638;;3.4227;0.3803;0.3803;0.3803;0.7606;1.9015;6.0849;20.9167;39.5516;71.1169;54.3835;52.4820;15.2122;5.7046;0.7606;0.7606;39.93;25.82;25.77;
204.4;NaCl;20;200;;183.0000;271.6484;;3.4224;0.0000;0.0000;0.0000;1.5211;0.7605;3.0421;16.7316;30.8013;66.1658;61.2224;57.4198;26.9987;3.0421;0.7605;0.7605;39.91;25.77;25.71;
205.8;NaCl;20;200;;197.0000;264.4499;;2.6612;0.0000;0.0000;0.3802;0.7603;1.1405;5.7026;19.7690;39.5381;67.6709;51.3235;47.9019;20.9096;6.4630;0.7603;0.3802;39.92;25.74;25.74;
207.2;NaCl;20;200;;240.0000;33.1252;;0.0000;0.3780;0.0000;0.0000;0.0000;0.0000;0.0000;1.5119;4.9135;10.5830;7.9372;5.6694;1.1339;1.1339;0.0000;0.0000;39.94;25.66;25.85;
208.6;NaCl;20;200;;205.0000;50.0643;;1.1339;0.0000;0.0000;0.0000;0.0000;0.0000;0.3780;2.2679;7.9376;15.4972;7.1816;7.9376;6.0477;1.8899;0.0000;0.0000;39.93;25.64;25.99;
210.0;NaCl;20;200;;244.0000;273.6596;;2.2682;0.0000;0.0000;0.3780;0.3780;0.3780;6.0486;20.7920;45.7424;73.3390;55.9493;43.8522;18.5238;4.9145;1.5121;0.7561;39.96;25.67;26.13;
211.4;NaCl;20;200;;189.0000;280.8116;;2.6456;0.0000;0.0000;0.0000;0.0000;1.1338;5.6691;17.3852;40.4395;69.5408;57.8247;50.2659;28.3454;6.8029;1.1338;0.7559;39.95;25.54;26.32;
212.8;NaCl;20;200;;215.0000;295.8686;;4.1552;0.0000;0.0000;0.7555;0.7555;1.8887;8.6881;24.5534;37.7745;74.0380;70.2605;46.8403;22.2869;3.3997;1.1332;0.3777;39.96;25.69;26.43;
214.2;NaCl;20;200;;225.0000;326.7353;;5.6684;0.0000;0.0000;0.0000;0.0000;0.7558;5.2905;18.5166;38.9227;88.4263;78.6012;64.9971;20.0282;6.0462;0.3779;0.3779;39.95;25.68;26.54;
215.6;NaCl;20;200;;272.0000;281.9409;;4.5344;0.0000;0.0000;0.0000;0.7557;2.2672;9.0688;31.7407;49.1226;74.8175;54.4127;37.0309;11.7138;6.4237;0.7557;0.3779;39.97;25.60;26.44;
217.0;NaCl;20;200;;213.0000;184.8238;;3.4006;0.0000;0.0000;0.0000;0.3778;0.3778;4.5342;12.8469;26.8273;45.3420;32.4951;37.0293;18.1368;2.2671;1.8892;0.0000;39.95;25.60;26.42;
218.5;NaCl;20;200;;197.0000;226.9831;;1.1334;0.0000;0.0000;0.7556;0.7556;1.1334;4.9112;17.7559;35.1340;62.3345;46.8454;34.0007;13.9781;6.0446;2.6445;0.3778;39.97;25.61;26.43;
219.9;NaCl;20;200;;248.0000;77.9196;;1.8886;0.0000;0.0000;0.0000;0.0000;0.0000;1.5109;4.5326;9.0653;18.8860;20.3969;12.0871;6.7990;2.2663;0.3777;0.3777;39.98;25.78;26.52;
221.3;NaCl;20;200;;250.0000;309.0434;;3.7798;0.0000;0.0000;0.7560;0.0000;0.7560;3.4018;14.7412;35.5301;74.0840;69.1702;68.7922;30.9943;5.2917;2.6459;0.3780;39.97;25.80;26.78;
222.7;NaCl;20;200;;211.0000;294.7393;;2.2680;0.0000;0.3780;1.1340;0.7560;0.0000;6.8041;28.7283;41.9584;86.5628;56.3225;46.8725;18.1442;4.5360;1.1340;0.3780;39.95;25.76;26.73;
224.1;NaCl;20;200;;242.0000;307.5377;;4.1563;0.0000;0.0000;0.3778;0.0000;0.0000;4.9119;26.0711;51.0086;93.7048;63.0996;41.1848;14.7358;6.4233;1.1335;1.8892;39.96;25.72;26.64;
225.5;NaCl;20;200;;221.0000;23.7147;;0.0000;0.0000;0.0000;0.0000;0.0000;0.0000;0.0000;1.1347;3.7824;7.5648;5.2953;3.4041;1.8912;0.7565;0.0000;0.0000;39.93;25.60;26.56;
226.9;NaCl;20;200;;215.0000;277.0474;;5.2917;0.0000;0.0000;0.0000;0.0000;3.4018;9.8275;32.5062;43.8456;77.8638;45.7355;37.7979;15.1192;4.5358;1.5119;0.7560;39.94;25.60;26.53;
228.3;NaCl;20;200;;171.0000;147.1814;;1.1338;0.0000;0.0000;0.0000;0.0000;0.3779;2.2677;14.3620;26.4563;32.1255;34.7711;25.3224;7.1810;3.7795;0.0000;0.0000;39.97;25.56;26.54;
229.7;NaCl;20;200;;191.0000;271.4011;;4.1600;0.0000;0.0000;0.0000;0.3782;0.3782;3.7818;14.3709;31.7673;71.4764;63.1564;57.8618;20.0436;3.0255;1.1345;1.1345;39.95;25.60;26.57;
231.1;NaCl;20;200;;193.0000;40.2773;;3.0234;0.0000;0.0000;0.0000;0.0000;0.0000;1.1338;1.8896;5.2909;10.9598;8.3143;6.0468;3.4013;0.3779;0.0000;0.0000;39.94;25.51;26.55;
232.6;NaCl;20;200;;207.0000;252.2035;;2.6466;0.0000;0.0000;0.0000;0.7562;2.2685;10.2083;28.3564;43.4797;53.6880;45.3702;47.6387;15.1234;3.0247;0.7562;0.0000;39.94;25.83;26.59;
234.0;NaCl;20;200;;239.0000;92.9765;;0.0000;0.0000;0.0000;0.0000;0.0000;1.1342;0.0000;5.6708;7.5610;23.4392;23.0612;21.9270;7.5610;2.6464;0.0000;0.3781;39.93;26.09;26.64;
235.4;NaCl;20;200;;233.0000;211.1734;;3.0236;0.0000;0.0000;0.0000;0.0000;1.1339;3.4016;5.6693;30.9923;57.8271;46.1105;39.6853;19.6537;2.2677;0.7559;1.5118;39.94;26.25;26.75;
236.8;NaCl;20;200;;239.0000;310.1726;;3.4010;0.0000;0.0000;0.3779;0.7558;0.3779;7.9357;25.3187;55.5499;82.7580;61.2182;49.8815;17.7608;4.9126;0.7558;0.3779;39.93;26.27;26.78;
238.2;NaCl;20;200;;227.0000;304.9027;;5.6694;0.0000;0.0000;0.0000;0.3780;1.1339;3.7796;20.4100;35.1506;89.5773;64.2537;57.0724;19.2761;6.8033;2.2678;0.3780;39.98;26.36;26.82;
239.6;NaCl;20;200;;189.0000;234.1352;;3.7820;0.0000;0.3782;0.3782;0.0000;1.1346;5.2948;10.9677;28.7431;47.6530;42.3582;59.7553;27.6085;6.4294;0.3782;0.3782;39.95;26.44;26.82;
241.0;NaCl;20;200;;233.0000;86.2009;;0.3781;0.0000;0.0000;0.0000;0.3781;0.3781;0.0000;4.1594;10.9656;27.9813;20.0406;15.5031;5.2938;1.5125;0.0000;0.0000;39.97;26.38;26.80;
242.4;NaCl;20;200;;244.0000;360.1112;;7.9826;0.7603;0.7603;0.0000;0.3801;0.0000;1.9006;17.1056;39.1529;87.0487;81.7270;78.3058;34.5914;8.3628;1.9006;1.5205;39.95;26.37;26.81;
243.8;NaCl;20;200;;237.0000;227.9568;;2.6605;0.0000;0.0000;0.0000;0.0000;0.3801;3.0405;15.9629;36.8666;72.9731;45.6082;35.3464;12.5423;3.0405;0.3801;0.0000;39.94;26.31;26.88;
245.2;NaCl;20;200;;244.0000;213.1888;;3.0396;0.0000;0.3800;0.3800;0.3800;1.1399;5.3194;12.1585;34.9558;64.2123;45.9745;30.7763;11.3986;3.4196;0.3800;0.0000;39.94;26.30;26.93;
246.6;NaCl;20;200;;250.0000;380.5591;;7.2213;0.0000;0.0000;0.0000;0.7601;0.3801;6.4612;17.8632;41.4275;123.5223;96.9175;59.6708;23.1842;4.1808;0.3801;0.0000;39.97;26.36;26.86;
248.0;NaCl;20;200;;250.0000;85.9571;;1.5204;0.0000;0.0000;0.0000;0.0000;0.0000;0.3801;1.5204;13.3033;24.3259;21.6653;16.3440;5.3213;1.9005;0.0000;0.0000;39.96;26.32;26.79;
249.5;NaCl;20;200;;246.0000;193.9031;;3.7724;0.3772;0.0000;0.3772;0.0000;0.0000;3.0179;7.5448;24.8977;60.7353;45.6458;32.0652;11.3171;4.5269;0.0000;0.3772;39.97;26.36;26.76;
250.9;NaCl;20;200;;235.0000;203.6734;;1.8872;0.0000;0.0000;0.0000;0.3774;0.3774;1.1323;9.0586;26.7982;59.2581;43.7830;43.7830;12.8330;3.3970;1.1323;0.7549;39.94;26.40;26.76;
252.3;NaCl;20;200;;225.0000;367.5139;;2.6400;0.3771;0.0000;0.3771;0.3771;1.1314;7.9201;27.9090;55.0637;104.0931;86.3671;52.8008;23.0061;5.2801;0.0000;1.5086;39.95;26.51;26.71;
253.7;NaCl;20;200;;231.0000;331.0632;;4.9047;0.0000;0.0000;0.0000;0.3773;1.1319;4.9047;23.7690;43.7652;85.6440;84.8894;57.7248;17.7325;5.2820;0.7546;1.5091;40.00;26.37;26.65;
255.1;NaCl;20;200;;237.0000;77.7867;;2.2630;0.0000;0.0000;0.0000;0.0000;0.0000;1.1315;1.8858;6.7890;23.3842;15.4638;17.3496;7.1661;1.5087;1.1315;0.0000;40.04;26.38;26.58;
256.5;NaCl;20;200;;254.0000;405.4678;;6.0348;0.0000;0.0000;0.0000;0.3772;0.3772;4.5261;15.0869;44.1293;102.9683;108.6259;90.8987;27.1565;5.2804;0.7543;0.7543;40.00;26.24;26.57;
257.9;NaCl;20;200;;268.0000;52.6094;;0.0000;0.0000;0.0000;0.0000;0.0000;0.0000;0.7544;3.7721;7.1669;19.2375;11.6934;7.9213;2.2632;0.0000;0.0000;0.0000;39.97;26.07;26.66;
259.3;NaCl;20;200;;215.0000;375.0296;;4.9028;0.0000;0.0000;0.3771;0.3771;1.5086;10.5599;36.9598;64.8682;88.6281;87.4967;58.0797;19.2342;3.3943;0.0000;0.0000;40.01;25.99;26.83;
260.7;NaCl;20;200;;229.0000;391.5639;;6.7898;0.0000;0.0000;0.0000;0.0000;1.8861;4.1493;25.2733;44.5112;97.6983;97.3211;83.7414;25.6505;4.1493;1.1316;0.7544;40.01;25.92;26.84;
262.2;NaCl;20;200;;242.0000;310.3952;;3.0157;0.0000;0.0000;0.0000;0.3770;1.1309;2.6387;10.5550;33.1728;76.9005;79.9162;82.1780;17.3403;4.1466;0.0000;0.0000;40.01;25.83;26.75;
263.6;NaCl;20;200;;284.0000;28.9351;;0.0000;0.0000;0.0000;0.0000;0.0000;0.0000;0.0000;3.7729;2.6410;7.9230;7.1684;6.0366;1.1319;0.3773;0.0000;0.0000;39.99;25.91;26.92;
265.0;NaCl;20;200;;254.0000;333.3179;;3.3956;0.0000;0.0000;0.0000;0.0000;0.3773;8.6778;30.1835;52.0666;102.2468;70.5540;44.5207;18.1101;4.5275;0.0000;0.0000;39.99;25.79;26.91;
266.4;NaCl;20;200;;252.0000;356.1613;;4.8668;0.3744;0.0000;0.0000;0.3744;2.2462;7.8617;25.4568;61.3959;108.5660;68.8832;57.2779;17.5952;1.4975;1.1231;0.0000;40.02;25.89;26.88;
267.8;NaCl;20;200;;221.0000;151.0422;;1.8730;0.0000;0.0000;0.0000;0.0000;1.4984;2.9967;15.3582;20.9770;44.9508;29.5926;23.5992;7.1172;2.9967;0.7492;0.0000;40.01;25.86;26.89;
269.2;NaCl;20;200;;244.0000;108.8996;;0.7486;0.0000;0.0000;0.0000;0.3743;0.7486;2.2457;7.8600;18.7143;34.0600;25.0771;14.2228;3.7429;1.1229;0.3743;0.0000;39.95;25.78;26.93;
270.6;NaCl;20;200;;217.0000;334.9035;;0.7486;0.0000;0.0000;0.3743;0.3743;2.2459;11.2295;30.6940;70.3717;95.0766;60.6394;41.5492;17.9672;4.1175;0.7486;0.0000;39.96;25.75;27.03;
272.0;NaCl;20;200;;213.0000;334.1577;;6.3656;0.0000;0.7489;0.0000;0.0000;1.8722;3.3700;20.5945;52.0479;87.6203;79.0080;53.9202;23.9645;4.8678;0.7489;0.3744;39.95;25.81;26.97;
273.4;NaCl;20;200;;239.0000;297.2362;;2.9959;0.0000;0.0000;0.7490;1.4979;1.4979;8.2387;29.5844;40.4445;89.1276;59.1687;40.0700;21.7202;2.6214;0.3745;0.3745;39.95;25.75;26.96;
274.8;NaCl;20;200;;276.0000;83.9124;;1.1232;0.0000;0.0000;0.0000;0.0000;0.3744;0.7488;7.8625;7.4881;25.8340;20.5923;14.6018;4.4929;0.7488;0.3744;0.0000;39.96;25.75;27.05;
276.2;NaCl;20;200;;217.0000;65.2652;;0.0000;0.0000;0.0000;0.3742;0.0000;0.3742;2.2450;4.8641;7.8575;22.8241;13.4699;8.6058;4.1158;0.7483;0.0000;0.0000;39.99;25.73;27.06;
277.6;NaCl;20;200;;219.0000;195.4226;;0.7489;0.0000;0.0000;0.0000;0.0000;0.3744;4.4933;11.2334;31.0790;59.9113;46.0568;26.2112;13.1056;1.8722;1.1233;0.0000;39.96;25.77;27.09;
279.1;NaCl;20;200;;239.0000;280.0808;;4.8671;0.0000;0.0000;0.3744;0.7488;3.7439;10.4829;26.9560;47.1731;75.6267;49.7938;40.0597;14.6012;4.8671;1.4976;0.3744;39.93;25.70;27.15;
280.5;NaCl;20;200;;256.0000;120.8338;;1.1236;0.0000;0.0000;0.3745;0.0000;0.3745;1.4981;11.6103;20.5989;29.5875;24.7187;22.8461;5.6179;2.6217;0.0000;0.3745;39.98;25.61;27.17;
281.9;NaCl;20;200;;235.0000;240.5488;;2.9947;0.0000;0.0000;0.0000;0.3743;0.3743;6.3637;20.5883;37.4333;62.1393;55.0270;40.0537;12.3530;2.2460;1.4973;0.0000;39.94;25.63;27.07;
283.3;NaCl;20;200;;199.0000;325.9529;;2.6208;0.0000;0.0000;0.3744;0.7488;1.4976;8.9857;31.8245;51.6680;87.2365;67.3930;48.6727;20.9667;4.1185;1.1232;0.0000;39.96;25.68;26.95;
284.7;NaCl;20;200;;260.0000;291.5322;;1.8876;0.7550;0.3775;0.7550;0.3775;1.8876;11.3257;30.2019;47.1905;77.3923;46.8129;48.3230;19.2537;5.2853;0.3775;0.3775;39.98;25.70;26.89;
286.1;NaCl;20;200;;292.0000;37.6171;;0.3776;0.0000;0.0000;0.0000;0.0000;0.0000;0.3776;2.6429;3.0204;11.3267;7.5511;9.8165;1.5102;0.7551;0.0000;0.3776;40.00;25.75;26.92;
287.5;NaCl;20;200;;246.0000;319.3688;;3.0204;0.0000;0.0000;0.0000;0.7551;1.1326;8.6836;26.4283;42.6629;84.9483;63.8056;61.1628;23.7855;2.6428;0.7551;0.7551;39.98;25.63;26.98;
288.9;NaCl;20;200;;215.0000;306.5790;;4.5315;0.0000;0.0000;0.3776;0.3776;3.3987;10.5736;33.9866;57.0219;79.6797;57.3996;45.3154;12.4617;2.6434;0.0000;0.0000;39.96;25.79;26.88;
290.3;NaCl;20;200;;274.0000;194.4802;;3.3974;0.0000;0.0000;0.0000;0.3775;0.7550;2.2649;13.2122;28.3118;52.4713;44.9215;38.1266;8.6823;1.1325;1.5100;0.0000;39.98;25.67;26.82;
291.7;NaCl;20;200;;213.0000;292.7799;;4.4586;0.7431;0.0000;0.0000;1.1146;1.8577;13.7473;29.7240;52.0170;70.5945;52.3885;43.4713;19.6921;2.9724;1.1146;0.0000;39.99;25.87;26.77;
293.1;NaCl;20;200;;241.0000;253.9153;;3.3422;0.0000;0.0000;0.0000;0.7427;0.0000;4.8276;22.6524;36.7637;66.1005;51.9891;44.5621;16.7108;5.1989;1.1141;0.7427;39.98;25.72;26.84;
294.6;NaCl;20;200;;240.0000;267.4368;;0.7417;0.3708;0.0000;0.7417;0.3708;1.1125;10.3832;30.7787;45.6118;73.4239;48.9492;33.0037;15.5748;5.9332;1.4833;0.0000;39.99;25.71;26.84;
296.0;NaCl;20;200;;266.0000;308.7390;;6.6477;0.3693;0.0000;0.0000;0.7386;0.7386;7.0170;26.5908;38.0395;87.1586;63.1530;51.7042;19.9431;5.9091;0.7386;1.1079;39.95;25.75;26.93;
297.4;NaCl;20;200;;231.0000;23.9190;;0.0000;0.0000;0.0000;0.0000;0.0000;0.0000;0.3693;2.9544;3.3237;7.0167;4.0623;4.0623;1.4772;0.7386;0.0000;0.0000;39.98;25.84;26.99;
298.8;NaCl;20;200;;237.0000;303.2192;;4.8019;0.0000;0.0000;0.0000;0.3694;1.8469;14.7752;29.9197;40.6317;79.4165;61.6863;50.2356;14.4058;5.5407;0.3694;0.3694;40.00;25.68;26.91;
300.2;NaCl;20;200;;239.0000;270.1872;;5.1558;0.0000;0.0000;0.3683;0.7365;1.4731;5.1558;27.9885;34.2491;70.7078;65.5520;40.5097;14.3625;4.4192;0.7365;0.0000;39.98;25.71;26.88;
301.6;NaCl;20;200;;258.0000;52.0578;;0.0000;0.0000;0.0000;0.0000;0.0000;0.0000;0.3680;4.0475;10.6707;13.2464;12.1425;6.6232;3.3116;1.4718;0.0000;0.3680;39.98;25.57;26.90;
303.0;NaCl;20;200;;250.0000;54.9906;;0.0000;0.0000;0.0000;0.0000;0.0000;0.3681;1.4724;2.2086;9.5707;14.7242;12.8836;8.0983;5.5216;0.3681;0.0000;0.0000;40.01;25.61;26.81;
304.4;NaCl;20;200;;282.0000;349.0071;;4.0491;0.0000;0.7362;0.3681;0.3681;1.8405;8.0981;25.3986;43.0673;95.3369;82.8216;66.2573;17.3005;4.4172;0.0000;0.3681;39.98;25.60;26.76;
305.8;NaCl;20;200;;239.0000;337.6424;;4.4138;0.0000;0.0000;0.3678;1.1034;0.7356;9.5631;29.0572;54.0684;100.4128;61.0569;52.5972;18.3906;6.6206;0.0000;0.3678;39.96;25.50;26.77;
307.2;NaCl;20;200;;244.0000;240.8589;;1.8404;0.0000;0.3681;0.0000;0.7362;1.1043;4.7851;20.9810;31.2875;65.5197;53.0047;39.7535;17.3001;4.4171;0.7362;0.0000;39.98;25.56;26.87;
308.7;NaCl;20;200;;215.0000;306.1145;;3.3108;0.0000;0.0000;0.3679;0.7357;1.4715;9.5646;27.5901;42.3048;86.8168;69.5270;43.4084;16.1862;3.3108;1.8393;0.7357;39.96;25.41;26.81;
310.1;NaCl;20;200;;193.0000;313.0799;;1.1040;0.0000;0.0000;0.3680;0.3680;4.7840;11.7761;32.3841;52.9922;83.1684;65.8723;43.7922;13.2481;4.4160;0.0000;0.0000;39.97;25.45;26.91;
311.5;NaCl;20;200;;242.0000;315.6462;;3.6808;0.0000;0.3681;0.3681;0.3681;1.1042;12.5147;36.8080;50.7951;89.4435;68.0949;39.0165;11.0424;2.2085;1.1042;0.0000;39.96;25.85;26.96;
312.9;NaCl;20;200;;221.0000;359.2721;;7.3603;0.0000;0.0000;0.3680;0.3680;0.7360;5.1522;32.0175;44.8981;105.6210;83.1719;55.2026;20.6090;3.3122;1.4721;0.3680;39.93;25.78;26.97;
314.3;NaCl;20;200;;223.0000;311.9801;;2.9425;0.3678;0.0000;0.0000;1.1034;3.3103;9.1953;34.5744;44.5053;82.3900;54.0684;57.7466;19.1263;3.3103;0.3678;0.0000;39.97;25.78;26.95;
315.7;NaCl;20;200;;225.0000;302.0818;;6.2584;0.0000;0.3681;0.0000;1.1044;3.3133;7.3629;18.7753;31.6603;78.7827;75.1013;53.3808;20.9842;4.4177;1.1044;0.7363;39.94;25.77;26.87;
317.1;NaCl;20;200;;244.0000;318.8268;;5.1859;0.3704;0.3704;1.1113;0.0000;2.2225;13.3351;29.2631;48.8953;84.4556;64.8233;45.5615;18.1505;4.4450;1.1113;0.7408;39.97;25.78;26.86;
318.5;NaCl;20;200;;240.0000;47.6026;;0.0000;0.0000;0.0000;0.0000;0.0000;0.0000;0.0000;1.8532;7.7835;18.9027;9.2660;7.4128;2.5945;0.0000;0.0000;0.0000;39.92;25.96;26.97;
319.9;NaCl;20;200;;237.0000;340.2295;;3.7049;0.0000;0.0000;0.3705;0.7410;1.4820;8.8918;33.3441;56.6850;100.0324;65.9473;54.8326;13.3377;2.2229;0.0000;0.0000;39.91;25.95;26.98;
321.3;NaCl;20;200;;229.0000;261.6299;;2.9643;0.0000;0.0000;0.0000;0.0000;2.2232;7.4108;21.1207;36.6833;81.1478;54.0986;37.0538;16.3037;2.5938;0.7411;0.3705;39.92;25.97;27.12;
322.7;NaCl;20;200;;213.0000;334.3253;;5.1844;0.0000;0.0000;0.0000;0.7406;2.5922;8.8876;28.1440;48.8817;87.3946;77.3960;57.7693;13.3314;4.8141;0.3703;0.0000;39.94;25.92;27.13;
324.2;NaCl;20;200;;195.0000;75.2785;;0.3703;0.0000;0.0000;0.0000;0.0000;0.3703;0.7406;4.4434;8.5165;19.6251;18.8845;15.5519;5.5543;1.1109;0.0000;0.3703;39.95;25.82;27.16;
325.6;NaCl;20;200;;213.0000;102.9545;;1.1117;0.0000;0.0000;0.3706;0.3706;0.7411;1.4823;11.1171;17.4168;25.1988;18.5285;18.1579;6.2997;2.2234;0.3706;0.0000;39.89;25.96;27.21;
327.0;NaCl;20;200;;223.0000;324.7310;;3.7058;0.0000;0.0000;0.0000;0.3706;2.2235;8.5233;29.6462;48.1751;93.7562;76.7096;47.0634;12.9702;2.9646;0.0000;0.0000;39.89;26.13;27.12;
328.4;NaCl;20;200;;219.0000;266.0580;;2.2212;0.3702;0.0000;0.7404;1.4808;4.0722;16.6589;38.8707;44.0535;62.5633;45.9044;31.4668;15.5483;2.2212;0.3702;0.3702;39.86;26.29;27.10;
329.8;NaCl;20;200;;239.0000;314.3986;;3.7040;0.0000;0.3704;0.3704;0.3704;1.4816;6.6671;34.0764;46.6698;98.8955;58.8929;44.0770;18.1494;1.1112;0.7408;0.0000;39.91;26.26;27.23;
331.2;NaCl;20;200;;197.0000;316.9817;;4.4455;0.0000;0.0000;0.0000;0.3705;0.0000;4.4455;18.8934;51.8642;94.0965;69.6462;50.0119;18.1525;4.8160;1.4818;0.0000;39.89;26.16;27.24;
332.6;NaCl;20;200;;231.0000;255.3566;;1.4815;0.0000;0.0000;0.3704;0.7407;0.7407;5.9259;15.9260;29.6297;68.5187;75.9262;38.8890;13.3334;2.9630;1.1111;0.7407;39.89;26.06;27.33;
334.0;NaCl;20;200;;185.0000;300.0071;;3.7021;0.3702;0.3702;0.0000;0.3702;1.4809;11.4766;30.3575;43.6851;73.6724;67.7490;50.7192;12.5872;3.3319;0.7404;0.3702;39.89;26.16;27.42;
335.4;NaCl;20;200;;215.0000;331.3732;;1.8521;0.0000;0.0000;0.3704;0.0000;0.0000;4.4449;21.8543;46.6718;99.6406;81.4905;54.0800;17.0389;4.0745;1.1112;0.0000;39.91;26.43;27.52;
336.8;NaCl;20;200;;205.0000;313.2916;;4.0744;0.0000;0.3704;0.0000;0.0000;0.7408;4.0744;21.4834;38.5219;89.2672;72.9694;55.1901;21.1130;5.1856;0.0000;1.4816;39.93;26.38;27.52;
338.3;NaCl;20;200;;197.0000;330.2662;;4.8136;0.0000;0.0000;0.0000;0.3703;0.7406;4.0730;26.2896;51.4684;92.1988;77.3878;55.1712;14.8111;2.9622;0.3703;0.7406;39.92;26.40;27.55;
339.7;NaCl;20;200;;217.0000;302.5902;;1.8523;0.0000;0.0000;0.0000;0.7409;0.0000;7.7798;25.5622;47.7902;88.1711;62.2384;45.5674;17.7824;5.5570;0.7409;0.0000;39.94;26.44;27.48;
341.1;NaCl;20;200;;231.0000;75.2785;;0.7410;0.0000;0.0000;0.3705;0.0000;0.0000;1.8525;10.7447;15.9318;18.1548;14.0792;8.5216;4.8166;0.3705;0.0000;0.0000;39.89;26.23;27.36;
342.5;NaCl;20;200;;239.0000;371.9646;;4.4474;0.0000;0.0000;0.3706;0.0000;2.2237;6.3005;26.3138;57.8163;116.7445;74.1235;65.2287;15.9366;3.7062;0.3706;0.0000;39.88;26.19;27.16;
343.9;NaCl;20;200;;233.0000;195.2076;;0.7411;0.0000;0.0000;0.0000;0.0000;0.0000;0.7411;14.0801;35.5709;58.5438;40.3878;34.4593;7.7811;2.2232;0.7411;0.7411;39.91;26.27;27.11;
345.3;NaCl;20;200;;209.0000;98.5263;;1.8528;0.0000;0.0000;0.0000;0.0000;0.0000;0.3706;2.9644;12.5988;27.4210;25.5682;21.4921;6.2994;0.3706;0.0000;0.0000;39.93;26.30;26.98;
346.7;NaCl;20;200;;242.0000;95.2052;;1.4816;0.0000;0.0000;0.0000;0.0000;0.3704;1.1112;5.5559;11.1119;27.7796;20.7421;17.7790;7.4079;1.4816;0.7408;0.0000;39.90;26.13;26.95;
348.1;NaCl;20;200;;250.0000;74.1715;;0.3704;0.0000;0.0000;0.0000;0.0000;0.0000;0.0000;5.1855;14.8158;16.2974;17.4086;14.0750;4.4447;1.8520;0.0000;0.0000;39.94;26.17;27.07;
349.5;NaCl;20;200;;223.0000;49.0787;;0.3703;0.0000;0.0000;0.0000;0.0000;0.0000;0.3703;0.3703;6.6645;15.5506;11.4778;10.7373;3.7025;0.0000;0.0000;0.0000;39.93;26.29;27.17;
350.9;NaCl;20;200;;276.0000;95.2052;;1.1121;0.0000;0.0000;0.0000;0.0000;0.0000;0.7414;2.5948;10.3793;23.7241;24.8362;21.5000;8.1552;2.2241;0.3707;0.0000;39.95;25.98;27.07;
352.3;NaCl;20;200;;268.0000;351.2999;;3.3336;0.0000;0.3704;0.3704;0.0000;1.4816;1.4816;17.0385;34.4475;109.2690;89.2672;61.8573;24.8170;6.6673;1.4816;0.7408;39.94;25.84;27.03;
353.7;NaCl;20;200;;215.0000;398.5633;;4.1128;0.3739;0.0000;0.3739;0.3739;1.4956;5.6084;24.6769;41.5021;121.5152;89.3604;79.6392;25.0508;5.6084;0.3739;0.0000;39.93;25.65;27.07;
355.2;NaCl;20;200;;252.0000;132.9786;;1.8694;0.0000;0.0000;0.3739;0.0000;0.3739;4.4866;16.0771;20.5637;39.2579;23.5547;18.6942;5.9822;1.8694;0.3739;0.0000;39.93;25.79;27.04;
356.6;NaCl;20;200;;223.0000;152.7205;;1.4947;0.0000;0.0000;0.0000;0.0000;0.3737;2.2421;16.4418;20.5522;45.2149;34.3783;20.9259;7.4735;2.9894;1.1210;0.0000;39.97;25.82;26.96;
358.0;NaCl;20;200;;246.0000;150.4856;;1.8692;0.0000;0.0000;0.0000;0.7477;0.7477;3.7384;11.9628;21.6825;41.4959;27.6639;28.0378;9.3459;2.9907;0.7477;0.0000;39.96;25.70;26.97;
359.4;NaCl;20;200;;213.0000;59.5983;;1.1218;0.0000;0.0000;0.0000;0.0000;0.0000;0.7478;5.6088;4.8609;14.2088;17.2002;11.9653;3.3653;0.3739;0.3739;0.0000;39.95;25.61;26.86;
360.8;NaCl;20;200;;244.0000;73.7528;;1.4954;0.0000;0.0000;0.0000;0.0000;0.0000;0.7477;5.2339;12.7110;19.4403;16.8234;11.5894;4.1124;1.1216;0.7477;0.0000;39.98;25.77;26.81;
362.2;NaCl;20;200;;233.0000;315.4982;;3.3648;0.0000;0.0000;0.0000;0.0000;1.1216;4.4864;18.3196;35.8914;88.9808;76.6431;59.8190;20.1889;6.3558;0.7477;0.7477;39.99;25.70;26.76;
363.6;NaCl;20;200;;231.0000;265.9572;;3.7375;0.0000;0.0000;0.0000;0.7475;0.0000;3.7375;12.3337;32.5161;69.8910;56.4361;55.6886;24.2937;7.1012;0.0000;0.3737;40.00;25.63;26.72;
365.0;NaCl;20;200;;231.0000;101.3170;;0.7480;0.0000;0.0000;0.0000;0.0000;0.0000;0.3740;4.4881;10.0981;31.4164;18.3262;22.4403;10.8461;2.9920;0.0000;0.0000;40.00;25.62;26.78;
366.4;NaCl;20;200;;262.0000;382.1738;;2.2450;0.0000;0.3742;0.3742;0.0000;1.1225;6.7351;21.7021;47.8942;102.1493;82.6923;74.0863;33.6756;9.3543;1.4967;0.0000;39.95;25.60;26.75;
367.9;NaCl;20;200;;221.0000;365.7843;;5.9829;0.0000;0.0000;0.3739;0.3739;0.3739;6.3569;23.9317;49.3591;102.4576;78.1520;72.5430;21.6881;5.2351;0.3739;0.0000;39.95;25.58;26.74;
369.3;NaCl;20;200;;240.0000;364.2943;;6.3588;0.0000;0.3740;0.0000;0.7481;1.8702;10.8473;34.4121;63.5877;99.1219;70.6945;55.7327;19.0763;2.2443;0.7481;0.0000;39.95;25.71;26.74;
370.7;NaCl;20;200;;276.0000;372.1166;;5.9824;0.0000;0.0000;0.0000;0.0000;0.3739;5.9824;23.1819;40.0074;100.2054;81.8843;74.0324;32.9033;7.8519;1.1217;0.0000;39.96;25.50;26.71;
372.1;NaCl;20;200;;256.0000;92.7498;;1.4955;0.0000;0.0000;0.0000;0.0000;0.3739;0.3739;4.4865;10.8424;23.9281;23.1804;19.0677;6.3559;2.6171;0.3739;0.0000;39.93;25.63;26.64;
373.5;NaCl;20;200;;241.0000;364.6668;;5.9861;0.0000;0.0000;0.0000;0.3741;0.0000;5.2379;23.1963;50.1339;110.3693;83.0576;61.7320;18.7067;6.3603;1.1224;0.0000;39.92;25.62;26.57;
374.9;NaCl;20;200;;264.0000;366.1568;;5.6097;0.0000;0.0000;0.0000;0.3740;0.7480;7.1056;29.1705;42.6338;102.8448;74.7962;69.9344;26.9266;4.8618;2.2439;0.3740;39.94;25.69;26.64;
376.3;NaCl;20;200;;191.0000;207.4764;;2.6184;0.0000;0.0000;0.0000;0.0000;0.7481;1.4962;13.8400;25.8097;57.2301;55.3599;35.1610;13.0919;2.6184;0.3741;0.0000;39.97;25.75;26.75;
377.7;NaCl;20;200;;229.0000;104.2604;;0.0000;0.3750;0.0000;0.0000;0.0000;0.3750;1.5001;7.1256;10.8759;27.0021;22.1267;23.6269;8.2506;3.0002;0.3750;0.0000;39.97;25.51;26.82;
379.2;NaCl;20;200;;227.0000;346.5486;;4.9209;0.3785;0.3785;0.0000;0.7571;1.5141;9.0847;31.0395;49.5875;103.7174;64.7287;56.0225;20.0621;3.4068;0.7571;1.5141;39.97;25.49;26.81;
380.6;NaCl;20;200;;225.0000;242.0938;;4.1651;0.0000;0.0000;0.0000;0.3786;0.0000;4.1651;12.1166;29.1556;64.7481;57.5539;43.9227;19.6895;6.0583;0.3786;0.7573;39.98;25.56;26.82;
382.0;NaCl;20;200;;256.0000;329.5794;;5.3031;0.3788;0.0000;0.3788;0.0000;0.3788;6.4394;20.8335;48.1063;98.4854;66.2883;54.9246;22.7274;6.0606;0.3788;0.3788;39.99;26.15;26.88;
383.4;NaCl;20;200;;250.0000;122.5553;;1.1358;0.0000;0.0000;0.0000;0.0000;0.0000;1.5143;7.1932;16.2793;35.2086;32.5585;21.2009;6.4360;1.5143;0.0000;0.0000;39.96;25.75;26.93;
384.8;NaCl;20;200;;233.0000;361.3422;;5.2864;0.3776;0.3776;0.0000;0.7552;2.2656;7.9296;21.9009;43.8018;106.4836;81.1843;66.8355;20.0129;4.5312;0.7552;0.3776;39.96;25.55;26.91;
386.2;NaCl;20;200;;254.0000;356.8302;;2.6413;0.0000;0.0000;0.7547;0.0000;0.7547;6.7920;28.6774;46.7895;97.7297;70.9389;61.8829;33.2055;6.4147;1.1320;0.3773;39.96;25.72;26.91;
387.6;NaCl;20;200;;254.0000;139.1224;;1.8876;0.0000;0.0000;0.0000;0.0000;0.3775;5.2853;16.2334;24.1613;35.1094;24.1613;23.4063;6.0403;2.6426;0.3775;0.0000;40.02;25.69;27.00;
389.0;NaCl;20;200;;244.0000;176.7231;;2.2640;0.3773;0.0000;0.3773;0.3773;0.3773;0.7547;7.1694;14.7161;49.4308;48.2988;35.0921;13.9614;3.0187;0.3773;0.7547;39.99;25.59;27.04;
390.4;NaCl;20;200;;227.0000;385.0307;;3.7771;0.3777;0.0000;1.5109;0.0000;2.2663;7.1766;32.4835;53.6355;107.6487;81.5864;66.4778;21.9075;5.6657;2.2663;0.0000;40.00;25.50;27.09;
391.8;NaCl;20;200;;215.0000;363.5983;;6.8009;0.0000;0.3778;0.3778;0.0000;1.1335;4.5339;17.3801;37.0272;93.7014;78.9661;81.9887;32.8710;6.8009;3.4005;0.0000;39.98;25.61;27.04;
393.2;NaCl;20;200;;213.0000;134.9863;;0.7552;0.0000;0.0000;0.0000;0.3776;0.0000;1.8879;7.5515;20.7667;37.7577;29.0734;24.1649;11.3273;1.8879;0.0000;0.0000;39.97;25.59;26.95;
394.6;NaCl;20;200;;246.0000;410.5991;;4.9076;0.3775;0.0000;0.0000;0.0000;0.7550;6.7951;18.4977;42.2805;112.4963;101.5487;90.2236;26.4253;4.5301;2.6425;0.7550;40.00;25.53;27.01;
396.0;NaCl;20;200;;246.0000;145.5145;;0.7545;0.0000;0.0000;0.0000;0.0000;0.0000;1.8864;6.7909;19.2408;40.7452;35.0861;30.5589;6.0363;3.7727;1.1318;0.0000;40.01;25.67;26.96;
397.4;NaCl;20;200;;213.0000;339.9099;;4.5308;0.0000;0.0000;0.0000;0.0000;1.1327;4.9084;24.5420;45.3083;89.8615;79.2895;66.4522;18.8785;4.9084;1.5103;0.0000;40.04;25.68;26.97;
398.9;NaCl;20;200;;246.0000;39.8567;;0.0000;0.0000;0.0000;0.0000;0.0000;0.0000;0.3773;2.2640;3.0187;11.3200;12.4520;7.1694;1.8867;1.1320;0.3773;0.0000;40.00;25.58;26.98;
400.3;NaCl;20;200;;266.0000;159.8028;;3.7749;0.0000;0.0000;0.7550;0.7550;0.7550;3.7749;18.8744;24.9142;42.2787;27.1792;24.5367;10.5697;1.5100;0.7550;0.0000;39.99;25.77;27.14;
401.7;NaCl;20;200;;266.0000;392.5508;;6.4191;0.0000;0.0000;0.0000;0.0000;1.5104;10.5726;39.2697;57.0166;91.0000;87.9793;74.3859;20.0125;4.1535;1.5104;0.3776;39.97;25.43;27.17;
403.1;NaCl;20;200;;239.0000;413.9832;;6.0349;0.0000;0.0000;0.3772;0.7544;0.7544;10.1839;27.5342;55.8228;116.9262;97.3128;65.2524;23.3852;8.2980;1.1315;1.5087;39.96;25.40;27.16;
404.5;NaCl;20;200;;244.0000;407.5910;;6.0377;0.0000;0.0000;0.7547;0.7547;1.5094;13.9623;34.7170;55.4718;110.5662;82.2643;75.0944;21.8868;5.2830;0.7547;0.0000;39.96;25.49;27.19;
405.9;NaCl;20;200;;262.0000;364.3503;;1.5110;0.0000;0.0000;0.7555;0.0000;1.1332;8.3104;41.5522;50.6181;109.1689;76.6827;58.1731;13.9766;3.3997;0.7555;0.0000;39.97;25.38;27.11;
407.3;NaCl;20;200;;237.0000;53.7689;;0.0000;0.0000;0.0000;0.0000;0.0000;0.0000;0.3775;4.5304;5.6631;14.7239;11.7036;11.7036;4.5304;0.7551;0.0000;0.0000;40.01;25.40;26.99;
408.7;NaCl;20;200;;294.0000;28.9525;;0.0000;0.0000;0.0000;0.0000;0.0000;0.0000;0.3776;1.5104;3.3985;10.5731;8.3074;2.6433;1.5104;0.7552;0.0000;0.0000;39.96;25.47;27.02;
410.1;NaCl;20;200;;219.0000;435.0395;;7.1707;0.3774;0.7548;0.0000;0.0000;0.3774;7.1707;37.3633;60.3852;131.3378;121.5252;56.9885;10.9448;2.2644;0.0000;0.0000;39.94;25.50;27.00;
411.5;NaCl;20;200;;205.0000;376.7585;;3.3968;0.0000;0.0000;0.0000;0.0000;0.3774;12.4550;27.1745;49.0651;119.2659;90.9591;57.3684;15.4744;2.2645;0.3774;0.0000;39.94;25.54;27.03;
412.9;NaCl;20;200;;199.0000;397.4389;;5.6634;0.0000;0.0000;0.0000;0.3776;0.7551;13.9698;33.6029;57.0117;115.9112;90.6146;66.8283;10.5717;2.6429;0.7551;0.3776;39.98;25.52;27.23;
414.4;NaCl;20;200;;235.0000;184.6192;;0.7550;0.0000;0.0000;0.0000;0.3775;1.1325;5.2851;15.1002;26.0478;47.1881;33.9754;35.4854;13.5902;4.9076;1.5100;0.0000;39.98;25.31;27.36;
415.8;NaCl;20;200;;254.0000;350.4381;;6.0403;0.0000;0.3775;0.3775;0.7550;2.2651;10.1931;31.3342;57.0056;83.8096;70.9739;64.5560;19.2536;3.7752;1.1326;0.0000;39.92;25.05;27.36;
417.2;NaCl;20;200;;250.0000;351.1901;;6.0368;0.0000;0.0000;0.3773;0.3773;1.1319;7.9234;40.3714;61.5003;90.1753;72.4421;53.5769;13.2056;4.9049;0.3773;0.0000;39.91;24.84;27.28;
418.6;NaCl;20;200;;286.0000;112.4259;;1.1327;0.0000;0.0000;0.0000;0.0000;0.0000;2.6429;6.7961;18.8781;28.6946;23.0312;23.4088;6.4185;1.8878;0.0000;0.0000;39.94;25.16;27.31;
420.0;NaCl;20;200;;223.0000;378.3122;;7.1490;0.3763;0.0000;0.0000;0.3763;0.0000;5.6439;17.3081;41.0126;103.0958;86.5403;84.6590;27.4671;4.5151;1.1288;0.3763;39.95;25.53;27.36;
421.4;NaCl;20;200;;278.0000;415.0561;;4.8925;0.0000;0.0000;0.0000;0.3763;0.7527;5.6451;27.0967;57.9568;121.5587;96.7201;74.1395;24.8386;2.2581;0.3763;0.0000;39.98;25.36;27.29;
422.8;NaCl;20;200;;227.0000;314.9477;;5.6471;0.0000;0.0000;0.0000;0.3765;0.0000;3.0118;21.8354;44.8001;82.0708;75.2943;57.2237;20.3295;5.2706;0.3765;0.0000;39.92;25.28;27.23;
424.2;NaCl;20;200;;221.0000;398.1839;;4.5147;0.0000;0.0000;1.1287;1.1287;1.1287;4.5147;30.8502;53.7997;115.8763;96.3128;63.5815;20.6922;5.6433;0.3762;0.0000;39.94;25.26;27.39;
425.6;NaCl;20;200;;248.0000;279.3286;;6.0230;0.0000;0.0000;0.0000;0.0000;0.3764;5.2702;19.5749;41.4083;76.4172;45.9256;48.5607;25.5979;9.4110;1.5058;0.3764;39.91;25.17;27.43;
427.0;NaCl;20;200;;217.0000;374.9377;;9.0311;0.3763;0.0000;0.7526;1.1289;1.1289;7.1496;38.3820;69.6145;96.7077;61.3360;56.0679;23.7065;8.2785;1.5052;1.1289;39.92;25.21;27.41;
428.4;NaCl;20;200;;242.0000;385.4360;;8.6589;0.0000;0.0000;0.3765;0.3765;1.1294;7.5294;28.9883;54.2119;90.7297;74.5414;83.9532;25.9766;8.2824;2.2588;0.0000;39.90;25.07;27.37;
429.8;NaCl;20;200;;217.0000;384.3112;;2.2585;0.0000;0.0000;0.3764;0.7528;0.7528;11.2925;33.8774;63.2378;95.6095;79.0472;67.3783;24.8434;4.8934;1.5057;0.0000;39.88;25.08;27.26;
431.2;NaCl;20;200;;235.0000;125.9791;;0.7532;0.0000;0.0000;0.0000;0.0000;0.0000;1.5064;5.6491;21.8433;36.9077;31.2585;19.2071;7.1556;1.1298;1.1298;0.0000;39.92;24.97;27.16;
432.6;NaCl;20;200;;223.0000;166.4724;;1.1289;0.0000;0.0000;0.0000;0.0000;0.0000;1.1289;4.5154;23.7060;47.7884;40.2626;35.7472;9.0309;2.2577;0.7526;0.7526;39.91;25.09;27.12;
434.0;NaCl;20;200;;193.0000;219.6199;;1.1235;0.7490;0.0000;0.0000;0.0000;0.0000;4.1197;11.9845;26.2160;59.1734;46.4399;49.8105;16.4787;2.9961;1.1235;0.3745;39.93;24.96;27.10;
435.5;NaCl;20;200;;240.0000;367.6489;;4.8647;0.3742;0.0000;0.0000;0.0000;1.4968;8.6068;25.8205;51.6410;99.1657;79.3326;66.2352;22.4526;7.8584;1.1226;0.0000;39.98;24.89;27.14;
436.9;NaCl;20;200;;215.0000;359.8187;;5.9901;0.0000;0.3744;0.0000;1.1231;1.4975;9.3595;25.8321;41.9304;88.7277;84.9839;67.3882;25.4577;7.4876;0.7488;0.3744;39.95;24.93;27.25;
438.3;NaCl;20;200;;213.0000;142.4360;;2.2454;0.0000;0.0000;0.3742;0.3742;0.0000;1.8711;7.8588;16.0917;39.2938;38.5453;23.9505;9.3557;2.2454;0.3742;0.3742;39.92;24.98;27.34;
439.7;NaCl;20;200;;237.0000;246.8394;;1.8703;0.3741;0.0000;0.0000;0.0000;0.0000;4.4888;14.9626;33.6660;78.9280;50.4989;39.2769;15.7108;4.8629;2.6185;0.3741;39.93;24.87;27.29;
441.1;NaCl;20;200;;211.0000;48.8459;;0.0000;0.0000;0.0000;0.0000;0.0000;0.3743;0.0000;3.3688;8.2347;12.3521;12.7264;8.9834;2.2458;0.7486;0.0000;0.0000;39.93;24.90;27.23;
442.5;NaCl;20;200;;241.0000;243.4835;;1.8713;0.0000;0.3743;0.7485;2.2456;1.1228;12.7248;30.3149;39.2971;67.7408;43.7882;25.8238;11.9763;5.6139;0.0000;0.7485;39.95;24.79;27.20;
443.9;NaCl;20;200;;209.0000;240.8734;;1.4969;0.0000;0.3742;0.0000;0.7485;1.1227;5.2392;16.8402;32.9319;59.8762;48.6494;44.1587;20.2082;7.8588;2.2454;0.0000;39.90;24.56;27.24;
445.3;NaCl;20;200;;217.0000;388.5296;;2.9930;0.0000;0.0000;0.0000;0.0000;0.0000;4.4896;23.5702;71.4589;126.0819;74.4519;59.8608;19.8289;5.6120;1.4965;0.0000;39.93;24.60;27.31;
446.7;NaCl;20;200;;248.0000;23.8636;;0.0000;0.0000;0.0000;0.0000;0.0000;0.0000;0.0000;0.3743;1.4971;8.6085;5.6142;3.7428;3.3685;0.3743;0.3743;0.0000;39.95;24.65;27.31;
448.1;NaCl;20;200;;246.0000;337.0737;;5.9898;0.0000;0.0000;0.0000;0.0000;0.0000;2.6205;17.9694;36.6875;93.9650;81.2367;65.1391;24.7079;8.2360;0.7487;1.1231;39.92;24.58;27.25;
449.5;NaCl;20;200;;203.0000;31.6939;;0.3743;0.0000;0.0000;0.0000;0.0000;0.0000;0.0000;0.7485;5.6139;4.8654;8.2337;5.9881;5.9881;0.0000;0.0000;0.0000;39.89;24.53;27.21;
450.9;NaCl;20;200;;201.0000;63.7606;;0.3743;0.0000;0.0000;0.0000;0.0000;0.0000;0.0000;5.2400;9.7313;19.8370;13.4742;8.6085;3.7428;2.2457;0.3743;0.3743;39.93;24.67;27.25;
452.3;NaCl;20;200;;179.0000;169.2826;;2.6200;0.0000;0.0000;0.7486;0.3743;0.0000;1.8715;10.8544;16.0945;45.2891;38.5519;31.8147;15.7202;4.4915;0.7486;0.7486;39.92;24.78;27.20;
453.8;NaCl;20;200;;215.0000;33.9311;;0.0000;0.0000;0.0000;0.0000;0.0000;0.0000;0.0000;0.3743;5.2407;11.2302;7.4868;7.4868;2.2460;0.0000;0.0000;0.0000;39.98;24.63;27.30;
455.2;NaCl;20;200;;231.0000;152.8763;;1.1234;0.0000;0.0000;0.0000;0.0000;0.0000;0.3745;4.8680;13.8550;44.1861;44.1861;30.3312;10.1104;2.6212;1.8723;0.0000;39.97;24.64;27.37;
456.6;NaCl;20;200;;231.0000;395.9870;;4.8657;0.3743;0.0000;0.0000;0.0000;0.7486;1.1228;13.4742;33.6854;112.2847;95.0677;87.2078;33.3111;13.4742;1.8714;0.0000;39.95;24.71;27.29;
458.0;NaCl;20;200;;242.0000;93.2173;;1.1224;0.0000;0.0000;0.0000;0.0000;0.0000;0.3741;3.7413;7.4826;26.5632;25.0667;20.2030;7.4826;1.1224;0.3741;0.0000;39.96;24.66;27.26;
459.4;NaCl;20;200;;235.0000;305.3047;;4.4681;0.3723;0.0000;0.0000;0.0000;0.0000;1.4894;11.1702;33.1382;96.8084;71.4892;58.8297;18.2447;8.1915;1.8617;0.3723;39.99;24.69;27.32;
460.8;NaCl;20;200;;227.0000;70.8544;;0.3725;0.0000;0.0000;0.0000;0.0000;0.0000;0.0000;3.3521;7.4490;16.3879;16.7603;16.0154;8.5664;1.8623;0.3725;0.0000;39.98;24.75;27.31;
462.2;NaCl;20;200;;237.0000;28.1934;;0.0000;0.0000;0.0000;0.0000;0.0000;0.0000;0.0000;0.3724;2.6069;7.0758;9.3103;6.3310;2.6069;0.0000;0.0000;0.0000;39.95;24.64;27.21;
463.6;NaCl;20;200;;254.0000;71.5964;;0.3724;0.0000;0.0000;0.0000;0.0000;0.0000;0.0000;4.8410;6.7030;20.8537;18.9918;10.0545;8.1925;1.4896;0.3724;0.0000;39.96;24.52;27.17;
465.0;NaCl;20;200;;221.0000;248.1760;;3.3536;0.0000;0.0000;0.0000;0.0000;0.3726;3.3536;15.2777;28.6923;75.2707;57.3846;51.0499;11.5514;2.2358;0.7453;0.0000;39.95;24.67;27.12;
466.5;NaCl;20;200;;237.0000;81.9834;;1.1171;0.0000;0.0000;0.0000;0.0000;0.0000;0.7448;1.8619;10.0543;23.0875;20.1085;16.7571;4.8409;2.2343;1.4895;0.0000;39.95;24.67;27.08;
467.9;NaCl;20;200;;217.0000;349.1144;;7.5002;0.7500;0.0000;0.0000;0.3750;0.7500;7.5002;28.1256;55.8763;94.8771;71.2516;57.3763;20.2505;5.6251;0.0000;0.3750;39.97;24.71;27.14;
469.3;NaCl;20;200;;207.0000;135.5385;;2.6223;0.0000;0.0000;0.3746;0.0000;0.0000;0.7492;5.2446;7.4923;35.2138;33.7154;29.5946;15.3592;4.8700;0.7492;0.0000;39.98;24.77;27.05;
470.7;NaCl;20;200;;189.0000;61.9818;;0.3748;0.0000;0.0000;0.0000;0.0000;0.0000;0.7496;6.3720;7.1216;14.2433;13.1188;13.4937;5.2475;1.1245;0.0000;0.3748;39.97;24.71;27.06;
472.1;NaCl;20;200;;237.0000;48.1666;;0.3751;0.0000;0.0000;0.0000;0.0000;0.0000;0.7501;3.0005;6.3761;15.0026;12.7522;7.5013;1.8753;0.7501;0.0000;0.0000;39.97;24.87;26.99;
473.5;NaCl;20;200;;233.0000;339.0330;;1.8750;0.0000;0.0000;0.3750;0.7500;0.3750;4.8750;20.2500;43.5000;87.3751;80.6251;66.7501;26.2500;6.3750;1.1250;0.0000;39.99;24.91;27.01;
474.9;NaCl;20;200;;205.0000;111.6432;;1.1317;0.3772;0.0000;0.0000;0.0000;0.0000;0.3772;4.5267;10.5622;29.8006;26.4056;21.1245;15.0889;1.8861;0.3772;0.3772;39.99;24.88;27.03;
476.3;NaCl;20;200;;195.0000;180.4335;;1.1323;0.0000;0.0000;0.0000;0.0000;0.3774;0.7548;7.9258;24.5321;43.0255;35.0998;44.9126;18.8708;4.1516;0.3774;0.0000;39.96;24.78;27.02;
477.7;NaCl;20;200;;211.0000;143.2191;;1.5095;0.0000;0.0000;0.0000;0.0000;0.0000;2.2642;8.3021;18.8684;42.2652;27.5479;26.4158;12.8305;3.3963;0.3774;0.0000;39.96;24.89;26.99;
479.1;NaCl;20;200;;244.0000;400.3368;;6.7909;0.3773;0.0000;0.0000;0.0000;0.3773;5.2818;27.9181;46.0271;104.8814;84.5088;85.6406;29.0499;8.6772;2.2636;0.0000;39.93;24.84;26.94;
480.5;NaCl;20;200;;211.0000;408.9825;;7.9314;0.0000;0.0000;0.0000;0.3777;0.3777;5.6653;24.5494;59.6740;115.1935;92.1548;74.0260;21.1503;7.1760;1.1331;1.5107;39.89;24.96;26.90;
481.9;NaCl;20;200;;240.0000;173.2913;;1.8865;0.0000;0.0000;0.0000;0.0000;0.0000;2.6411;13.9599;27.9199;44.1436;39.6160;30.5609;10.5643;2.2638;0.3773;0.0000;39.87;24.89;26.81;
483.4;NaCl;20;200;;197.0000;363.4983;;6.4143;0.0000;0.0000;0.7546;0.3773;0.7546;12.8286;36.5992;55.0875;92.0641;68.6707;61.8791;23.0160;5.6597;0.7546;0.0000;39.91;24.85;26.92;
484.8;NaCl;20;200;;211.0000;336.0574;;3.3973;0.0000;0.0000;0.3775;0.3775;0.0000;5.2847;10.5695;41.1455;82.6684;84.9333;73.9864;25.2913;7.9271;0.7550;0.7550;39.91;25.08;26.97;
486.2;NaCl;20;200;;237.0000;283.4309;;5.6613;0.0000;0.0000;0.3774;0.3774;0.7548;0.7548;10.9451;33.2127;74.3511;81.5220;50.9513;20.3805;3.7742;0.7548;0.7548;39.93;25.43;26.97;
487.6;NaCl;20;200;;187.0000;138.3323;;1.8866;0.0000;0.0000;0.0000;0.0000;0.0000;0.0000;4.5278;14.7155;38.4866;30.5629;35.4681;9.0557;4.1505;0.0000;0.0000;39.94;25.53;26.91;
489.0;NaCl;20;200;;207.0000;169.9082;;1.5099;0.3775;0.0000;0.0000;0.0000;0.0000;0.0000;7.1721;26.0462;43.7878;42.6554;34.3508;10.1920;3.3973;0.7550;0.3775;39.94;25.58;26.83;
490.4;NaCl;20;200;;185.0000;41.3493;;0.0000;0.0000;0.0000;0.0000;0.0000;0.0000;0.0000;1.1322;3.0191;13.2085;9.8120;9.4346;4.1512;0.3774;0.3774;0.0000;39.89;25.41;26.82;
491.8;NaCl;20;200;;179.0000;263.5081;;3.7739;0.0000;0.3774;0.0000;0.7548;1.8870;10.1896;30.9462;39.6262;73.9689;53.9671;36.9845;9.4348;2.2644;0.3774;0.0000;39.93;25.16;26.82;
493.2;NaCl;20;200;;191.0000;60.5204;;0.0000;0.0000;0.0000;0.0000;0.0000;0.3772;0.0000;2.6403;7.5436;17.3504;15.4645;10.5611;3.7718;2.6403;0.3772;0.0000;39.94;25.44;26.87;
494.6;NaCl;20;200;;211.0000;68.0385;;0.0000;0.0000;0.0000;0.0000;0.0000;0.0000;0.0000;2.2649;10.9470;16.9867;17.3641;14.3443;4.5298;1.5099;0.3775;0.0000;39.95;25.52;27.01;
496.0;NaCl;20;200;;185.0000;219.0460;;2.2634;0.3772;0.0000;0.0000;0.0000;0.3772;1.8862;7.9219;28.2926;61.4893;56.5853;42.6276;15.8439;1.8862;0.0000;0.3772;39.94;25.49;27.04;
497.5;NaCl;20;200;;183.0000;125.4050;;2.6620;0.3803;0.0000;0.3803;0.0000;0.0000;0.3803;1.1409;14.0706;40.3104;32.3244;24.3384;7.2255;2.6620;0.0000;0.0000;39.93;25.47;27.03;
498.9;NaCl;20;200;;221.0000;96.6111;;1.1413;0.0000;0.0000;0.0000;0.0000;0.3804;0.7609;4.5652;10.6521;26.6303;23.5869;23.5869;3.8043;1.9022;0.0000;0.0000;39.93;25.33;26.95;
500.3;NaCl;20;200;;173.0000;381.1403;;6.0868;0.0000;0.0000;0.0000;0.0000;0.0000;3.8043;13.6953;50.9770;95.1063;81.7914;87.4978;35.3796;6.8477;1.5217;0.0000;39.92;25.31;26.92;
501.7;NaCl;20;200;;175.0000;400.8414;;4.5633;0.3803;0.0000;0.0000;0.3803;0.0000;1.5211;17.1125;53.9996;110.6611;89.3655;71.8727;39.9293;10.6478;1.5211;0.3803;39.96;25.38;26.90;
503.1;NaCl;20;200;;185.0000;342.1170;;3.8033;0.0000;0.0000;0.7607;0.0000;0.3803;3.8033;11.4098;38.0328;82.1508;74.1639;78.3475;38.7934;10.2688;1.5213;0.0000;39.92;25.77;26.99;
504.5;NaCl;20;200;;173.0000;396.6739;;7.9857;0.0000;0.3803;0.0000;0.0000;0.3803;1.5211;17.1122;37.6468;106.4758;90.8847;77.1949;45.2522;11.7884;1.5211;0.0000;39.92;25.69;27.14;
505.9;NaCl;20;200;;173.0000;247.7791;;3.8048;0.0000;0.0000;0.3805;0.0000;0.0000;1.9024;6.4682;19.4046;52.5066;54.7895;59.7357;38.0482;9.5121;1.9024;0.3805;39.96;25.58;27.21;
507.3;NaCl;20;200;;163.0000;92.8224;;0.7605;0.0000;0.0000;0.0000;0.0000;0.0000;0.7605;1.9014;6.4646;21.6754;22.4360;19.7741;14.0700;5.3238;0.0000;0.0000;39.97;25.53;27.15;
508.7;NaCl;20;200;;173.0000;216.3151;;2.6851;0.0000;0.0000;0.0000;0.0000;0.0000;1.1507;7.2880;22.6313;60.9894;52.1671;44.1119;20.3298;4.6030;1.1507;0.0000;39.96;25.48;27.19;
510.2;NaCl;20;200;;177.0000;373.3919;;3.4548;0.0000;0.0000;0.0000;0.0000;0.0000;0.3839;13.4354;37.6192;92.1286;78.3093;87.9060;44.5288;12.2838;3.8387;1.1516;39.97;25.43;27.23;
511.6;NaCl;20;200;;181.0000;30.9568;;0.3835;0.0000;0.0000;0.0000;0.0000;0.0000;0.0000;0.7671;2.3013;9.9723;8.0545;6.1368;3.4519;0.0000;0.0000;0.0000;39.99;25.37;27.18;
513.0;NaCl;20;200;;183.0000;124.2092;;1.1504;0.0000;0.0000;0.0000;0.0000;0.0000;0.3835;4.6017;11.8877;23.7754;35.6631;27.9937;14.5720;4.6017;0.0000;0.0000;39.94;25.33;27.22;
514.4;NaCl;20;200;;207.0000;38.2182;;0.0000;0.0000;0.0000;0.0000;0.0000;0.0000;0.0000;1.9180;4.2197;11.1246;9.2065;7.6721;1.9180;2.3016;0.0000;0.0000;39.94;25.26;27.24;
515.8;NaCl;20;200;;225.0000;101.6604;;0.7672;0.0000;0.0000;0.0000;0.0000;0.0000;0.3836;4.6032;9.2063;23.7831;24.5503;21.4815;13.0423;3.4524;0.7672;0.0000;39.97;25.30;27.37;
517.2;NaCl;20;200;;183.0000;390.9723;;7.6729;0.0000;0.0000;0.3836;0.0000;0.3836;3.4528;10.3585;39.5157;95.1445;88.2388;80.5659;49.1068;13.4277;3.4528;0.7673;39.96;25.25;27.29;
518.6;NaCl;20;200;;239.0000;259.5017;;3.4518;0.0000;0.0000;0.0000;0.0000;0.0000;1.5341;5.3695;23.3955;70.9535;60.2145;63.2828;23.3955;6.5200;1.5341;0.7671;39.96;25.29;27.35;
520.0;NaCl;20;200;;252.0000;45.4797;;0.0000;0.0000;0.0000;0.0000;0.0000;0.0000;0.0000;1.1512;5.7561;15.7332;10.7447;8.4422;3.4536;0.3837;0.0000;0.0000;39.96;25.25;27.38;
521.4;NaCl;20;200;;239.0000;95.1633;;3.0686;0.0000;0.0000;0.0000;0.0000;0.0000;0.3836;3.4522;9.9729;25.3158;19.1787;16.1101;14.1922;3.0686;0.7671;0.0000;40.02;25.26;27.38;
522.8;NaCl;20;200;;205.0000;425.8823;;4.6921;0.3910;0.0000;0.3910;0.7820;0.3910;2.3460;12.5122;39.1007;108.7001;118.8663;84.0666;41.4468;12.1212;1.5640;0.3910;40.00;25.20;27.40;
524.2;NaCl;20;200;;268.0000;109.3902;;3.5167;0.0000;0.0000;0.0000;0.0000;0.0000;0.3907;4.6890;9.3780;31.6506;28.9153;23.8356;5.0797;1.5630;0.7815;0.0000;39.99;25.11;27.27;
525.6;NaCl;20;200;;209.0000;39.3182;;0.0000;0.0000;0.0000;0.0000;0.0000;0.0000;0.0000;1.5638;6.6461;12.5104;9.7737;7.0371;0.3909;0.7819;0.7819;0.0000;39.99;25.16;27.28;
527.1;NaCl;20;200;;258.0000;255.3737;;2.3449;0.0000;0.0000;0.0000;0.0000;0.0000;1.5633;8.2071;24.6213;63.7028;63.3120;57.0590;25.0122;7.8163;2.3449;0.3908;40.00;25.16;27.20;
528.5;NaCl;20;200;;211.0000;215.2769;;3.9071;0.0000;0.0000;0.0000;0.0000;0.3907;0.7814;2.3443;14.8471;60.5607;61.7329;51.1836;15.6286;3.9071;0.3907;0.3907;39.97;25.10;27.15;
529.9;NaCl;20;200;;203.0000;413.2665;;5.0407;0.3877;0.3877;0.0000;0.0000;0.7755;3.4897;15.5098;51.1822;126.0168;114.7723;64.3655;25.5911;5.8162;1.5510;0.0000;39.99;25.02;27.09;
531.3;NaCl;20;200;;239.0000;32.8296;;0.0000;0.0000;0.0000;0.0000;0.0000;0.0000;0.0000;0.3878;4.6532;8.5309;8.1431;8.1431;2.3266;0.7755;0.0000;0.0000;39.99;25.14;27.02;
532.7;NaCl;20;200;;173.0000;173.0312;;3.1016;0.0000;0.0000;0.0000;0.0000;0.0000;0.3877;3.8770;16.2835;50.7890;39.9334;33.3424;21.7113;3.1016;0.7754;0.3877;39.99;25.28;26.91;
534.1;NaCl;20;200;;213.0000;82.6533;;0.7752;0.0000;0.0000;0.0000;0.0000;0.0000;0.7752;1.5504;13.1788;24.0319;17.0549;18.2177;4.2637;1.9381;0.7752;0.3876;40.00;25.13;26.85;
535.5;NaCl;20;200;;235.0000;103.1235;;0.3879;0.0000;0.0000;0.0000;0.0000;0.0000;1.5516;3.4911;12.8008;35.6870;19.0072;18.6193;8.1459;3.1032;0.3879;0.3879;39.99;25.09;26.82;
536.9;NaCl;20;200;;237.0000;118.7745;;1.5631;0.3908;0.0000;0.0000;0.0000;0.0000;0.7816;5.4709;16.8033;31.6528;28.9174;25.0096;6.6432;1.9539;0.0000;0.0000;39.98;25.18;26.88;
538.3;NaCl;20;200;;191.0000;158.4958;;1.1737;0.0000;0.0000;0.0000;0.0000;0.0000;1.1737;9.3897;19.5618;37.5586;32.8638;33.6463;17.6056;4.3036;1.5649;0.3912;39.97;25.14;26.88;
539.7;NaCl;20;200;;199.0000;44.0050;;0.3909;0.0000;0.0000;0.0000;0.0000;0.0000;0.0000;0.7818;5.4725;9.7723;10.9450;9.7723;3.9089;1.1727;1.9545;0.0000;40.01;25.18;26.89;
541.1;NaCl;20;200;;215.0000;30.7645;;0.0000;0.0000;0.0000;0.0000;0.0000;0.0000;0.0000;2.3461;2.3461;10.1665;5.0832;8.2114;1.5641;0.7820;0.0000;0.3910;40.03;25.12;26.95;
542.5;NaCl;20;200;;215.0000;312.3186;;4.3006;0.0000;0.0000;0.0000;0.3910;1.1729;1.5639;8.2103;39.8787;80.9303;68.0284;73.5019;27.7587;5.0826;2.7368;0.0000;40.05;25.11;27.00;
543.9;NaCl;20;200;;242.0000;211.0682;;1.9547;0.0000;0.3909;0.0000;0.0000;0.0000;0.7819;5.0823;21.8928;55.1229;50.4316;46.1312;23.8475;4.6913;1.5638;0.0000;40.05;25.23;27.01;
545.4;NaCl;20;200;;217.0000;103.1975;;1.5634;0.0000;0.0000;0.0000;0.0000;0.0000;0.0000;1.9543;7.4263;26.1875;30.0961;23.4515;8.9898;3.9086;0.0000;0.0000;40.02;25.11;27.03;
546.8;NaCl;20;200;;201.0000;260.5251;;2.7357;0.0000;0.0000;0.0000;0.0000;0.0000;1.5632;10.9426;37.5176;73.8628;54.3224;50.0235;25.4026;3.9081;0.3908;0.7816;40.04;25.15;27.04;
548.2;NaCl;20;200;;211.0000;127.7313;;2.7369;0.0000;0.0000;0.0000;0.0000;0.0000;1.1730;3.1279;11.3385;24.2410;38.7075;31.6697;13.2935;1.5639;0.3910;0.0000;40.02;25.20;26.99;
549.6;NaCl;20;200;;225.0000;133.5727;;2.7360;0.0000;0.0000;0.0000;0.0000;0.3909;0.3909;4.6903;12.8983;37.9133;34.3956;29.3144;8.9898;1.9543;0.3909;0.0000;40.03;25.17;27.06;
551.0;NaCl;20;200;;213.0000;438.8816;;7.4268;0.0000;0.0000;0.0000;0.0000;0.3909;3.9088;18.7624;47.2970;116.8743;120.7831;91.4668;24.2348;8.5994;0.7818;0.0000;40.02;25.05;27.03;
552.4;NaCl;20;200;;207.0000;436.1556;;2.3458;0.0000;0.0000;0.0000;0.0000;0.3910;3.9097;25.8039;61.7729;104.3884;91.8774;93.0503;41.0516;10.5561;2.7368;0.0000;40.02;24.94;27.05;
553.8;NaCl;20;200;;177.0000;426.0029;;10.2532;0.7887;0.3944;0.3944;0.3944;0.0000;3.1548;13.8024;41.4072;115.9402;107.6588;93.4620;29.9709;8.6758;1.1831;0.0000;40.03;24.98;27.17;
555.2;NaCl;20;200;;205.0000;440.1706;;9.4511;0.3938;0.0000;0.3938;0.0000;0.7876;2.3628;15.7518;46.8617;135.0720;100.0242;89.7855;29.5347;8.2697;2.3628;0.7876;40.04;24.93;27.14;
556.6;NaCl;20;200;;197.0000;358.1781;;4.3309;0.0000;0.0000;0.0000;0.0000;0.0000;6.2995;20.8672;43.7029;102.3672;82.6812;72.4445;20.8672;5.1184;0.7874;0.0000;40.10;25.13;27.06;
558.1;NaCl;20;200;;209.0000;208.7084;;1.9699;0.0000;0.0000;0.3940;0.3940;1.1819;5.9097;18.5171;32.3065;55.5514;47.2778;31.5185;12.6074;1.9699;0.0000;0.0000;40.11;25.25;27.00;
559.5;NaCl;20;200;;185.0000;123.1850;;1.1814;0.0000;0.0000;0.0000;0.0000;0.3938;3.1505;6.6948;14.9649;32.6865;27.1731;27.9607;9.0577;0.3938;0.0000;0.0000;40.11;25.08;27.00;
560.9;NaCl;20;200;;225.0000;310.3164;;2.3639;0.0000;0.0000;0.0000;0.0000;0.3940;3.5458;15.3653;36.6403;79.1903;74.0685;72.8866;20.8810;5.1218;0.7880;0.3940;40.12;25.06;26.96;
562.3;NaCl;20;200;;235.0000;136.9158;;3.1475;0.0000;0.0000;0.0000;0.3934;0.0000;1.1803;5.5081;18.0979;46.0317;31.4747;24.3929;4.3278;1.9672;0.3934;0.3934;40.12;25.26;26.94;
563.7;NaCl;20;200;;193.0000;349.5473;;3.5324;0.0000;0.0000;0.0000;0.0000;0.0000;11.3823;25.9045;41.6043;97.3383;86.3485;59.6590;22.3721;1.5700;0.0000;0.0000;40.12;25.05;26.91;
565.1;NaCl;20;200;;215.0000;373.0858;;7.0911;0.0000;0.0000;0.3939;0.0000;0.3939;8.6669;30.7279;50.8193;100.4567;84.6988;65.0014;22.4550;3.1516;0.7879;0.0000;40.11;24.79;26.93;
566.5;NaCl;20;200;;209.0000;114.1619;;1.1813;0.0000;0.0000;0.0000;0.0000;0.0000;1.1813;10.2376;17.7189;31.8941;21.2627;22.0502;6.6938;1.9688;0.3938;0.0000;40.08;24.65;27.01;
567.9;NaCl;20;200;;211.0000;391.1320;;5.1202;0.0000;0.0000;0.7877;0.3939;1.5755;15.7545;46.0820;66.5629;115.0081;77.5911;49.2329;9.4527;3.9386;1.1816;0.0000;40.08;24.68;27.01;
569.3;NaCl;20;200;;276.0000;62.3771;;1.1813;0.0000;0.0000;0.0000;0.0000;0.0000;0.7875;7.8754;8.2692;20.8698;10.2380;11.8131;1.5751;0.0000;0.0000;0.0000;40.07;24.81;26.97;
570.7;NaCl;20;200;;235.0000;289.1317;;3.9380;0.0000;0.0000;0.0000;0.0000;0.3938;3.5442;13.7829;31.8975;70.8833;79.5468;59.8570;19.6898;3.9380;2.7566;0.0000;40.05;24.55;26.85;
572.1;NaCl;20;200;;278.0000;427.2244;;3.1488;0.0000;0.7872;0.0000;0.0000;0.0000;9.0528;27.5521;62.5827;119.2614;103.5173;72.0292;25.9777;3.9360;0.7872;0.0000;40.03;24.69;26.75;
573.5;NaCl;20;200;;235.0000;426.8321;;5.5129;0.0000;0.0000;0.0000;0.3938;0.0000;5.5129;27.1708;48.0410;128.7658;105.9266;81.5123;21.2641;3.9378;0.3938;0.0000;40.00;24.52;26.70;
574.9;NaCl;20;200;;252.0000;167.1236;;1.1817;0.0000;0.0000;0.0000;0.0000;0.0000;4.3330;14.1806;27.5734;50.4199;38.2088;20.4831;10.2415;0.7878;0.0000;0.3939;40.02;24.60;26.65;
576.4;NaCl;20;200;;225.0000;252.9978;;3.9323;0.3932;0.0000;0.0000;0.0000;0.3932;3.5391;18.0886;37.3570;64.0967;58.5915;46.7945;15.7293;3.9323;0.7865;0.3932;40.02;24.67;26.65;
577.8;NaCl;20;200;;250.0000;428.2266;;6.3487;0.3968;0.3968;0.3968;0.3968;0.3968;3.9680;21.0302;40.0764;110.7061;103.9605;99.9926;36.1084;3.5712;1.9840;0.0000;40.02;24.56;26.54;
579.2;NaCl;20;200;;233.0000;39.1454;;0.0000;0.0000;0.0000;0.0000;0.0000;0.0000;0.3969;3.5723;5.1600;8.7323;9.5262;9.5262;2.3815;0.0000;0.0000;0.0000;40.02;24.50;26.47;
580.6;NaCl;20;200;;264.0000;124.1580;;1.1903;0.0000;0.0000;0.0000;0.0000;0.3968;0.7935;5.1579;14.2834;35.7086;29.3604;24.9960;8.7288;2.7773;1.1903;0.0000;40.02;24.65;26.40;
582.0;NaCl;20;200;;227.0000;115.8545;;0.3969;0.0000;0.0000;0.0000;0.0000;0.0000;4.3657;7.9376;17.4628;27.7817;30.1630;19.8440;5.9532;2.3813;0.0000;0.0000;39.96;24.72;26.29;
583.4;NaCl;20;200;;262.0000;57.7295;;0.7936;0.0000;0.0000;0.0000;0.0000;0.0000;0.3968;6.7457;8.3329;16.2690;15.0786;7.5393;1.5872;0.7936;0.3968;0.0000;39.98;24.58;26.24;
584.8;NaCl;20;200;;209.0000;129.6937;;1.9856;0.0000;0.0000;0.3971;0.0000;0.3971;1.1914;6.3539;14.2963;38.1234;31.3724;25.8127;7.9424;2.3827;0.0000;0.0000;40.00;24.63;26.18;
586.2;NaCl;20;200;;260.0000;171.2115;;3.5722;0.0000;0.0000;0.0000;0.0000;0.0000;1.9845;9.1288;23.8144;42.0721;30.5618;38.8968;15.8763;3.9691;1.5876;0.3969;39.98;24.56;26.19;
587.7;NaCl;20;200;;250.0000;119.8085;;0.0000;0.0000;0.0000;0.0000;0.0000;0.0000;1.1911;7.9407;8.7347;38.5123;28.1894;24.2191;8.7347;2.3822;0.3970;0.0000;39.97;24.43;26.18;
589.1;NaCl;20;200;;235.0000;43.0994;;0.0000;0.0000;0.0000;0.0000;0.0000;0.0000;0.0000;2.7788;5.9546;12.3062;11.9092;5.1607;3.5728;1.1909;0.3970;0.0000;39.97;24.39;26.30;
590.5;NaCl;20;200;;213.0000;277.1808;;5.5529;0.3966;0.0000;0.0000;0.7933;0.7933;5.1563;23.7981;36.4904;70.9976;52.3558;54.7356;19.8317;4.3630;2.3798;0.3966;39.97;24.43;26.32;
591.9;NaCl;20;200;;209.0000;292.1530;;3.2063;0.4008;0.0000;0.0000;0.0000;0.4008;4.4087;15.2301;37.2737;94.1861;68.1346;44.8887;18.4364;5.6111;0.4008;0.8016;39.93;24.46;26.30;
593.3;NaCl;20;200;;227.0000;405.9011;;3.6089;0.0000;0.0000;0.0000;0.8020;2.8069;10.4257;37.6930;52.9306;105.8612;73.3811;83.8068;28.8712;6.8168;0.8020;0.0000;39.94;24.30;26.31;
594.7;NaCl;20;200;;217.0000;353.2178;;3.2054;0.0000;0.4007;0.0000;0.0000;0.8014;6.8116;20.0340;37.2633;102.5742;77.7320;68.1157;28.8490;6.4109;2.0034;0.4007;39.96;24.40;26.29;
596.1;NaCl;20;200;;235.0000;242.6626;;2.4038;0.0000;0.0000;0.0000;0.0000;1.2019;4.0063;16.4258;36.0566;69.7094;54.8862;36.0566;14.8233;4.8075;2.0031;1.2019;39.94;24.52;26.31;
597.5;NaCl;20;200;;268.0000;36.7187;;0.0000;0.0000;0.0000;0.0000;0.0000;0.0000;0.0000;3.2060;5.2097;12.0225;7.6142;5.6105;2.4045;0.8015;0.0000;0.0000;39.97;24.75;26.26;
598.9;NaCl;20;200;;205.0000;39.1134;;0.0000;0.0000;0.0000;0.0000;0.0000;0.0000;0.0000;1.6030;4.8091;10.4197;13.2250;6.0114;1.6030;1.2023;0.4008;0.0000;39.95;24.60;26.21;
600.3;NaCl;20;200;;219.0000;221.9086;;1.6024;0.0000;0.0000;0.0000;0.0000;0.4006;5.2080;19.2294;32.8502;66.1009;46.8716;34.4526;11.6177;2.4037;1.6024;0.4006;39.99;24.51;26.14;
601.7;NaCl;20;200;;274.0000;225.8997;;3.2050;0.0000;0.4006;0.0000;0.4006;0.0000;2.4038;18.4289;25.2396;67.3057;49.6780;41.2648;13.6214;3.2050;1.2019;0.4006;39.96;24.51;26.10;
603.2;NaCl;20;200;;211.0000;61.4639;;0.4009;0.0000;0.0000;0.0000;0.0000;0.0000;0.0000;4.4095;12.4267;18.4396;14.0301;9.2198;2.0043;0.8017;0.0000;0.0000;39.98;24.59;26.04;
604.6;NaCl;20;200;;239.0000;132.1074;;1.6035;0.0000;0.0000;0.0000;0.0000;0.0000;0.8018;5.6124;12.8284;26.4585;28.8638;34.8771;16.8372;4.4098;0.4009;0.0000;39.97;24.79;26.00;
606.0;NaCl;20;200;;256.0000;132.5066;;2.0050;0.0000;0.0000;0.0000;0.0000;0.0000;1.6040;12.8319;20.0499;36.8918;26.8669;22.8569;6.8170;2.8070;0.4010;0.0000;39.97;24.63;26.11;
607.4;NaCl;20;200;;221.0000;110.1561;;0.4007;0.4007;0.0000;0.0000;0.0000;0.0000;3.2059;9.6176;17.2315;32.8600;22.4410;16.4300;6.0110;1.6029;0.4007;0.0000;39.97;24.69;26.26;
608.8;NaCl;20;200;;274.0000;397.1206;;4.4079;0.0000;0.0000;0.4007;0.0000;0.4007;6.0107;24.8443;48.0858;117.0087;94.9694;66.5186;29.2522;5.6100;0.4007;0.8014;39.96;24.70;26.24;
610.2;NaCl;20;200;;235.0000;38.7143;;0.0000;0.0000;0.0000;0.0000;0.0000;0.0000;0.0000;1.6022;8.0112;12.0168;8.8123;4.8067;3.6050;0.0000;0.0000;0.0000;40.00;24.80;26.20;
611.6;NaCl;20;200;;217.0000;65.4550;;0.4008;0.0000;0.0000;0.0000;0.0000;0.0000;2.8057;5.6114;8.8180;16.8343;10.8221;15.2311;3.6074;0.8016;0.8016;0.0000;40.00;24.69;26.26;
613.0;NaCl;20;200;;266.0000;324.1365;;4.4340;0.4031;0.0000;0.8062;0.0000;0.4031;5.2402;19.3484;38.6969;83.0370;85.4555;60.4638;20.9608;4.4340;1.2093;0.4031;39.96;24.72;26.41;
614.4;NaCl;20;200;;221.0000;43.7805;;1.2089;0.0000;0.0000;0.0000;0.0000;0.0000;0.0000;3.6266;6.4473;13.7004;10.4768;4.8354;2.8207;0.8059;0.0000;0.0000;39.96;24.67;26.39;
615.8;NaCl;20;200;;233.0000;462.5818;;5.3252;0.4096;0.0000;0.4096;0.8193;2.4578;11.0601;36.8670;57.3487;120.4322;109.3721;85.2037;26.6262;6.9638;0.8193;0.4096;40.00;24.92;26.37;
617.2;NaCl;20;200;;217.0000;150.1147;;1.6371;0.0000;0.0000;0.0000;0.0000;0.4093;2.0464;6.1392;19.2363;42.5654;44.2025;20.4641;11.0506;1.6371;1.2278;0.0000;39.96;24.72;26.31;
618.6;NaCl;20;200;;223.0000;454.2162;;6.1462;0.4097;0.4097;0.4097;0.0000;1.6390;14.3410;49.5790;83.1781;121.2843;79.4904;66.3786;21.3067;9.0144;2.0487;0.4097;39.98;24.86;26.31;
620.1;NaCl;20;200;;225.0000;354.6396;;5.7348;0.0000;0.0000;0.0000;0.0000;0.8193;6.9637;26.6260;49.5652;87.6608;73.7334;72.9142;24.5778;4.9156;2.0482;0.4096;39.98;25.08;26.27;
621.5;NaCl;20;200;;252.0000;258.7359;;4.9197;0.0000;0.0000;0.0000;0.0000;0.8199;4.5097;15.1690;29.9280;68.8754;54.1164;55.7563;21.3186;2.4598;1.6399;0.4100;39.95;24.69;26.31;
622.9;NaCl;20;200;;223.0000;353.8234;;8.1940;0.4097;0.0000;0.4097;0.0000;0.8194;2.4582;13.9298;34.8245;114.3064;89.7244;63.0938;20.0753;5.7358;0.8194;0.4097;39.98;24.90;26.33;
624.3;NaCl;20;200;;213.0000;519.8522;;5.7824;0.4130;0.0000;0.0000;0.0000;0.0000;8.6736;29.7381;75.5842;138.7776;125.1477;95.4096;34.2814;6.1954;1.6521;0.0000;40.01;25.18;26.37;
625.7;NaCl;20;200;;264.0000;93.0219;;0.4130;0.0000;0.0000;0.0000;0.0000;0.0000;0.0000;3.7167;11.1501;23.9521;23.9521;20.6483;7.4334;1.6519;0.0000;0.4130;40.03;25.27;26.41;
627.1;NaCl;20;200;;264.0000;118.9527;;2.0662;0.0000;0.0000;0.0000;0.0000;0.0000;1.2397;6.1986;14.8767;29.7533;28.5136;25.6209;8.6781;2.0662;0.4132;0.0000;40.01;25.26;26.40;
628.5;NaCl;20;200;;242.0000;100.4307;;0.8262;0.0000;0.0000;0.0000;0.0000;0.0000;0.4131;3.3047;15.2843;39.6567;22.3069;14.0451;4.1309;0.4131;0.4131;0.0000;40.03;25.25;26.41;
629.9;NaCl;20;200;;233.0000;53.5081;;1.2396;0.0000;0.0000;0.0000;0.0000;0.0000;0.0000;1.2396;5.3717;19.4207;15.2886;9.9169;0.8264;0.4132;0.0000;0.0000;40.01;25.23;26.41;
631.3;NaCl;20;200;;235.0000;427.2420;;4.1340;0.0000;0.0000;0.0000;0.0000;0.4134;3.3072;25.6308;66.1440;117.4057;90.9481;78.5460;33.4854;7.0278;2.0670;0.0000;40.02;25.23;26.36;
632.7;NaCl;20;200;;252.0000;128.0080;;0.0000;0.0000;0.0000;0.0000;0.0000;0.0000;1.2394;6.6100;17.7644;35.9419;34.7026;24.7876;6.1969;0.8263;0.0000;0.4131;40.00;25.17;26.38;
634.2;NaCl;20;200;;246.0000;162.1708;;1.6528;0.4132;0.0000;0.0000;0.0000;0.0000;0.0000;7.4374;21.8990;49.5825;38.8397;31.8155;7.4374;3.3055;0.4132;0.0000;40.02;25.19;26.59;
635.6;NaCl;20;200;;213.0000;327.2229;;3.3068;0.0000;0.0000;0.0000;0.0000;0.4133;1.2400;11.9871;34.7212;83.4961;79.7760;78.5360;26.4542;6.6136;2.0667;0.0000;40.01;25.18;26.63;
637.0;NaCl;20;200;;242.0000;521.8456;;8.3959;0.4198;0.0000;0.0000;0.0000;0.8396;3.7781;28.1262;83.9587;150.7058;125.5182;81.8597;28.5459;10.0750;0.8396;0.8396;40.01;25.11;26.56;
638.4;NaCl;20;200;;209.0000;520.1730;;7.9750;0.0000;0.0000;0.0000;0.0000;0.8395;3.3579;28.5423;74.2939;143.9706;128.8600;94.4414;31.4805;5.4566;2.0987;0.8395;40.03;25.13;26.54;
639.8;NaCl;20;200;;183.0000;134.6429;;2.5193;0.4199;0.0000;0.0000;0.0000;0.0000;0.8398;5.4585;13.0164;34.8503;37.7895;23.0936;14.2760;1.6795;0.4199;0.8398;40.03;25.20;26.54;
641.2;NaCl;20;200;;239.0000;188.2896;;1.2573;0.4191;0.0000;0.0000;0.0000;0.4191;0.8382;5.4482;24.7265;50.7104;49.8722;37.7185;13.4110;3.7718;0.4191;0.0000;40.00;25.03;26.51;
642.6;NaCl;20;200;;219.0000;57.6141;;0.4191;0.0000;0.0000;0.0000;0.0000;0.0000;0.0000;1.2573;10.4771;14.2489;16.3443;9.2199;5.0290;0.4191;0.4191;0.0000;40.02;25.15;26.44;
644.0;NaCl;20;200;;242.0000;43.8368;;0.0000;0.0000;0.0000;0.0000;0.0000;0.0000;0.0000;1.6767;7.9645;11.3180;6.7069;12.5755;3.7727;0.0000;0.0000;0.0000;39.99;25.15;26.47;
645.4;NaCl;20;200;;235.0000;465.0879;;3.7732;0.4192;0.0000;0.4192;0.0000;0.0000;5.0310;23.0586;85.1071;131.2242;115.7121;71.2719;24.3163;4.1925;2.5155;0.0000;39.98;25.16;26.54;
646.8;NaCl;20;200;;233.0000;103.5384;;2.9343;0.0000;0.0000;0.0000;0.0000;0.0000;0.0000;7.1263;15.9293;25.5708;20.9596;22.2172;6.7071;2.5152;0.0000;0.0000;40.01;25.16;26.57;
648.2;NaCl;20;200;;240.0000;374.4918;;4.1908;0.0000;0.0000;0.0000;0.0000;0.4191;1.2572;13.8295;37.2978;98.9019;95.9684;86.3297;26.4018;7.9624;1.2572;2.0954;40.01;25.16;26.63;
649.7;NaCl;20;200;;219.0000;372.8218;;6.2856;0.0000;0.0000;0.0000;0.0000;0.4190;3.3523;23.4662;51.5419;110.2076;80.4557;72.9130;20.1139;4.6094;0.8381;0.0000;40.02;25.12;26.74;
651.1;NaCl;20;200;;213.0000;121.9081;;0.8386;0.0000;0.0000;0.0000;0.0000;0.0000;0.4193;2.5157;14.6749;37.3161;33.9619;23.0605;7.1278;2.0964;0.4193;0.0000;39.99;25.11;26.65;
652.5;NaCl;20;200;;219.0000;364.8926;;4.1957;0.4196;0.0000;0.4196;0.0000;0.8391;1.2587;21.8176;59.5788;104.0530;73.4245;65.8723;24.3350;7.9718;0.8391;1.2587;39.97;25.29;26.60;
653.9;NaCl;20;200;;237.0000;113.6893;;0.4195;0.0000;0.0000;0.0000;0.0000;0.0000;0.4195;5.0340;10.4874;37.7547;32.7208;22.2333;3.7755;0.8390;0.4195;0.0000;39.98;25.20;26.60;
655.3;NaCl;20;200;;227.0000;468.1325;;9.2272;0.0000;0.0000;0.0000;0.4194;0.0000;4.6136;23.0679;78.0114;130.4384;91.0133;88.4968;31.0368;9.6466;3.3553;0.4194;39.97;25.14;26.61;
656.7;NaCl;20;200;;250.0000;176.8036;;2.0975;0.0000;0.0000;0.0000;0.0000;0.0000;0.8390;8.8096;29.7849;50.7602;30.2044;36.9165;15.1022;2.0975;0.4195;0.4195;39.96;25.11;26.55;
658.1;NaCl;20;200;;235.0000;45.9773;;0.0000;0.0000;0.0000;0.0000;0.0000;0.0000;0.0000;2.0980;6.2939;12.5879;10.0703;9.2311;5.4547;0.4196;0.0000;0.0000;39.94;25.11;26.48;
659.5;NaCl;20;200;;239.0000;270.8481;;2.9374;0.0000;0.0000;0.0000;0.0000;0.8392;3.3570;17.2045;52.4528;70.9162;54.5509;45.3192;15.9457;4.6158;2.5177;1.2589;39.94;25.07;26.46;
660.9;NaCl;20;200;;254.0000;340.9776;;4.1746;0.4175;0.4175;0.0000;0.0000;0.0000;3.7572;21.7082;51.7657;102.6964;58.8626;64.2896;24.6304;7.0969;2.0873;0.4175;39.94;25.08;26.44;
662.3;NaCl;20;200;;239.0000;380.4811;;4.5875;0.0000;0.0000;0.4170;0.0000;0.0000;2.0852;14.5966;44.2068;103.0102;94.6693;77.5704;27.5250;10.8432;1.2511;0.8341;39.97;25.25;26.42;
663.7;NaCl;20;200;;213.0000;107.2220;;3.7708;0.4190;0.0000;0.0000;0.0000;0.0000;0.0000;1.2569;8.7985;26.3955;30.5852;27.2334;5.0277;2.9328;1.2569;0.0000;39.98;24.88;26.32;
665.2;NaCl;20;200;;197.0000;449.3311;;8.7955;0.4188;0.0000;0.0000;0.0000;0.0000;2.9318;23.4546;65.7567;136.5394;100.1009;67.8508;32.6689;9.6331;2.5130;0.4188;39.99;24.58;26.23;
666.6;NaCl;20;200;;195.0000;272.8528;;3.7693;0.4188;0.0000;0.0000;0.0000;0.0000;2.0941;13.4021;43.9755;83.7629;54.4459;42.7191;20.9407;5.8634;1.6753;0.8376;40.01;24.53;26.23;
668.0;NaCl;20;200;;203.0000;463.5161;;5.4472;0.4190;0.8380;0.0000;0.4190;0.4190;2.0951;18.0175;59.0807;149.5872;102.6579;72.4891;38.9681;11.3133;2.9331;0.8380;40.00;24.60;26.23;
669.4;NaCl;20;200;;252.0000;193.1665;;2.5128;0.4188;0.0000;0.0000;0.0000;0.0000;0.0000;5.0257;20.1027;58.6328;45.6498;39.3677;16.7522;5.0257;0.4188;0.0000;39.98;24.47;26.26;
670.8;NaCl;20;200;;181.0000;455.5892;;8.3759;0.0000;0.0000;0.0000;0.4188;0.4188;3.3504;22.6150;55.6999;150.3479;97.5796;71.6142;36.4353;8.7947;0.8376;0.8376;39.98;24.44;26.38;
672.2;NaCl;20;200;;201.0000;438.9009;;5.0241;0.0000;0.4187;0.0000;0.0000;0.4187;2.5120;19.2589;52.7525;122.6706;110.1105;76.6168;38.0991;8.3734;3.3494;0.8373;40.01;24.54;26.41;
673.6;NaCl;20;200;;211.0000;137.6780;;0.8378;0.0000;0.0000;0.0000;0.0000;0.0000;0.4189;5.4456;11.7291;35.1872;37.7006;32.2549;10.0535;3.7701;0.4189;0.4189;39.99;24.58;26.56;
675.0;NaCl;20;200;;197.0000;321.6660;;4.1874;0.0000;0.4187;0.0000;0.4187;0.0000;0.8375;11.3061;41.0368;76.6299;74.9549;72.0237;31.8244;8.3749;0.4187;0.4187;39.98;24.55;26.62;
676.4;NaCl;20;200;;205.0000;435.1461;;3.7701;0.0000;0.0000;0.4189;0.4189;0.0000;6.2836;22.6208;62.4167;110.1718;100.9559;73.3082;41.8904;10.4726;2.5134;1.6756;39.96;24.56;26.64;
677.8;NaCl;20;200;;193.0000;335.0166;;2.9317;0.0000;0.0000;0.0000;0.0000;0.8376;8.3763;17.1714;44.3943;94.2333;83.3441;56.9588;20.9407;5.8634;1.2564;0.0000;39.97;24.35;26.61;
679.2;NaCl;20;200;;225.0000;442.2386;;7.9525;0.4186;0.0000;0.4186;0.4186;0.8371;6.2783;29.2988;54.4121;116.7767;83.2923;89.5707;35.1586;11.7195;5.0227;2.0928;39.98;24.37;26.55;
680.6;NaCl;20;200;;231.0000;145.6050;;1.2567;0.0000;0.4189;0.0000;0.0000;0.8378;2.9324;13.8241;22.2024;33.0941;33.5131;25.9726;9.2161;1.6757;0.8378;0.4189;39.95;24.42;26.47;
682.1;NaCl;20;200;;205.0000;410.5309;;5.8679;0.4191;0.4191;0.0000;0.0000;0.8383;7.1253;30.1779;63.7089;110.2332;80.0553;75.8639;27.6631;7.9636;2.0957;0.0000;39.95;24.37;26.43;
683.5;NaCl;20;200;;223.0000;192.3321;;1.6746;0.0000;0.0000;0.0000;0.0000;0.0000;1.6746;18.0021;31.8176;61.5420;36.0042;23.4446;12.9782;4.6052;1.2560;0.0000;39.93;24.41;26.38;
684.9;NaCl;20;200;;181.0000;223.6225;;1.6746;0.0000;0.0000;0.4186;0.0000;1.6746;6.6983;15.9085;30.9797;54.8424;51.9119;39.3525;15.9085;5.0237;0.0000;0.0000;39.96;24.42;26.33;
686.3;NaCl;20;200;;209.0000;41.3034;;0.0000;0.0000;0.0000;0.0000;0.0000;0.0000;0.0000;1.2567;2.0944;13.4044;12.5666;7.9588;2.9322;1.2567;0.0000;0.0000;39.96;24.51;26.39;
687.7;NaCl;20;200;;240.0000;439.8153;;7.5853;0.4214;0.0000;0.0000;0.0000;0.4214;11.7994;38.3480;84.2812;122.2078;83.0170;61.5253;23.5987;7.1639;0.8428;0.4214;39.97;24.45;26.31;
689.1;NaCl;20;200;;205.0000;206.8979;;4.6351;0.0000;0.0000;0.0000;0.0000;1.2641;2.5282;12.6411;28.2318;64.4696;44.6652;32.8669;11.3770;2.5282;1.2641;1.2641;39.97;24.44;26.24;
690.5;NaCl;20;200;;225.0000;83.5146;;0.8426;0.4213;0.0000;0.0000;0.4213;0.0000;0.4213;2.9493;10.1118;29.9141;16.8530;14.7464;4.2132;2.9493;0.0000;0.0000;39.98;24.42;26.19;
691.9;NaCl;20;200;;199.0000;161.1537;;2.9493;0.0000;0.0000;0.0000;0.0000;0.0000;0.8426;6.7412;21.9089;41.2898;38.7619;35.8126;12.2184;0.8426;0.0000;0.4213;39.97;24.41;26.09;
693.3;NaCl;20;200;;201.0000;480.9431;;11.3770;0.4214;0.0000;0.8427;0.0000;0.0000;8.8488;29.4959;58.5704;130.6247;110.8203;88.4877;34.5523;5.8992;2.9496;0.0000;40.00;24.34;26.06;
694.7;NaCl;20;200;;241.0000;41.9671;;0.0000;0.0000;0.0000;0.0000;0.0000;0.0000;0.0000;1.6863;5.9021;11.8042;9.6963;9.2747;2.9510;0.4216;0.4216;0.0000;40.00;24.31;26.06;
696.1;NaCl;20;200;;223.0000;506.5430;;8.0050;0.0000;0.4213;0.0000;0.8426;0.0000;8.8476;30.7561;69.0958;133.9785;120.0750;99.8519;30.7561;4.2132;0.8426;0.8426;40.00;24.29;26.06;
697.6;NaCl;20;200;;229.0000;90.2293;;2.5276;0.0000;0.0000;0.0000;0.0000;0.0000;0.4213;8.0040;13.4804;21.4844;18.5355;18.5355;5.8977;0.8425;0.8425;0.0000;39.99;24.29;25.99;
699.0;NaCl;20;200;;219.0000;357.5598;;7.5855;0.0000;0.0000;0.0000;0.0000;1.2642;10.1140;23.1778;61.1052;90.6043;76.6976;57.3125;23.1778;7.5855;0.4214;0.0000;39.98;24.29;25.92;
700.4;NaCl;20;200;;229.0000;510.3201;;7.5800;0.4211;0.0000;0.0000;0.8422;0.4211;5.4744;34.9520;65.2718;156.6524;112.4360;88.8539;32.0042;5.8955;0.8422;0.4211;39.97;24.30;25.89;
701.8;NaCl;20;200;;233.0000;488.0775;;6.7398;0.8425;0.0000;0.0000;0.0000;0.4212;13.9007;32.8563;74.1373;138.5862;101.0963;79.6134;32.8563;4.6336;3.3699;0.8425;39.98;24.48;25.95;
703.2;NaCl;20;200;;181.0000;444.8514;;4.6352;0.0000;0.0000;0.0000;0.4214;0.4214;11.3772;42.5593;69.9489;113.7724;86.8041;78.3765;30.7607;6.7421;0.4214;0.4214;39.95;24.67;26.09;
704.6;NaCl;20;200;;203.0000;318.1107;;2.9487;0.0000;0.0000;0.4212;0.0000;0.4212;6.3187;22.3259;49.7068;93.0949;64.8715;55.1829;20.2197;2.5275;1.2637;0.0000;39.96;24.64;26.15;
706.0;NaCl;20;200;;197.0000;99.4621;;0.4214;0.0000;0.0000;0.0000;0.0000;0.0000;0.4214;5.0562;15.5900;29.0733;25.2811;18.5395;5.0562;0.0000;0.0000;0.4214;39.96;24.62;26.18;
707.4;NaCl;20;200;;193.0000;465.8349;;10.9582;0.0000;0.0000;0.0000;0.0000;0.0000;5.4791;20.6520;63.2204;119.6973;99.4668;96.9380;37.9322;9.2723;2.5288;1.6859;39.96;24.54;26.17;
708.8;NaCl;20;200;;195.0000;456.6022;;6.7399;0.0000;0.0000;0.0000;0.0000;0.4212;10.9523;49.2855;76.2451;106.1534;92.6736;69.0840;29.4871;12.2161;3.7912;1.2637;39.96;24.58;26.20;
710.2;NaCl;20;200;;189.0000;108.2751;;2.9484;0.0000;0.0000;0.0000;0.0000;0.0000;0.4212;4.2120;9.6876;29.9051;28.2203;20.6387;8.4240;2.9484;0.8424;0.4212;39.98;24.61;26.41;
711.6;NaCl;20;200;;187.0000;453.2448;;3.7910;0.0000;0.0000;0.8424;0.0000;0.0000;5.0546;22.7457;59.8128;129.7347;103.6193;77.9251;40.0156;10.5304;0.4212;0.4212;39.98;24.52;26.44;
713.0;NaCl;20;200;;199.0000;466.2546;;4.6355;0.0000;0.0000;0.4214;0.0000;1.6856;6.7425;29.0770;72.4819;131.4787;97.3448;94.3950;24.8630;3.7927;1.2642;0.0000;39.97;24.53;26.51;
714.5;NaCl;20;200;;162.0000;40.2884;;0.0000;0.0000;0.0000;0.0000;0.0000;0.0000;0.0000;0.8429;6.3215;15.5930;7.5858;7.5858;1.2643;1.2643;0.0000;0.0000;39.97;24.51;26.44;
715.9;NaCl;20;200;;213.0000;212.3536;;1.6849;0.0000;0.0000;0.0000;0.0000;0.4212;5.0548;14.3220;33.2775;58.5516;48.0208;40.0173;9.6884;1.6849;0.0000;0.4212;39.97;24.53;26.34;
717.3;NaCl;20;200;;183.0000;181.7176;;2.1062;0.0000;0.0000;0.0000;0.0000;0.0000;2.1062;9.2672;26.9590;56.0242;44.6509;28.6440;8.4247;3.3699;0.8425;0.0000;39.97;24.52;26.38;
718.7;NaCl;20;200;;187.0000;461.6382;;6.7418;0.0000;0.4214;0.0000;0.8427;0.8427;8.8486;31.1807;66.1537;120.5093;102.3907;85.9577;24.8603;11.7981;2.9495;0.0000;39.97;24.50;26.41;
720.1;NaCl;20;200;;205.0000;149.4029;;1.2643;0.0000;0.0000;0.0000;0.0000;0.0000;1.6858;9.2717;16.4362;42.1442;30.3438;35.4012;8.4288;4.6359;0.4214;0.0000;39.99;24.52;26.30;
721.5;NaCl;20;200;;167.0000;125.0620;;0.4213;0.0000;0.4213;0.0000;0.0000;0.0000;1.2639;8.4263;14.3247;34.5479;32.0200;25.7003;6.3197;0.8426;0.8426;0.4213;39.99;24.56;26.19;
722.9;NaCl;20;200;;213.0000;420.0908;;3.7926;0.0000;0.0000;0.4214;0.0000;0.8428;9.6921;35.3974;71.6375;115.8842;93.9716;61.5240;23.1768;4.6354;0.8428;0.0000;40.00;24.69;26.11;
724.3;NaCl;20;200;;177.0000;270.6879;;1.2637;0.0000;0.0000;1.2637;2.1061;0.8425;13.0580;36.2254;46.7561;69.0810;54.7593;32.0132;11.3731;2.1061;0.4212;0.4212;40.00;24.77;26.06;
725.7;NaCl;20;200;;205.0000;290.4124;;3.3708;0.0000;0.0000;0.4214;0.4214;2.9495;10.9552;26.1238;54.3544;77.1074;56.8825;40.4498;14.7473;3.3708;0.0000;0.4214;39.98;24.75;26.05;
727.2;NaCl;20;200;;195.0000;251.8027;;1.6851;0.0000;0.4213;0.4213;0.4213;1.6851;13.4807;27.3826;39.5995;60.6630;46.3398;44.6547;12.2169;2.9489;0.8425;0.0000;40.00;24.81;26.01;
728.6;NaCl;20;200;;207.0000;253.4744;;3.3323;0.8331;0.0000;2.0827;1.6662;2.4992;12.9127;32.4901;34.5728;72.0614;45.4029;35.4059;9.1639;0.8331;1.2496;0.0000;39.97;24.80;26.01;
730.0;NaCl;20;200;;197.0000;260.1121;;2.9156;0.0000;1.2495;0.8330;1.2495;5.4147;22.0752;44.5669;39.9853;48.7321;47.8990;33.3211;11.6624;1.2495;0.0000;0.0000;39.97;25.16;26.25;
731.4;NaCl;20;200;;175.0000;239.7843;;0.8334;0.0000;1.2500;0.4167;1.6667;2.0834;16.6673;35.4180;40.4182;54.5855;41.6683;34.5847;7.5003;2.9168;0.4167;0.4167;39.95;25.27;26.32;
732.8;NaCl;20;200;;193.0000;249.3259;;1.6653;0.0000;0.0000;0.0000;0.4163;2.9142;13.3222;41.6317;46.6275;70.7739;35.8033;27.0606;7.4937;2.4979;0.0000;0.0000;39.95;25.34;26.33;
734.2;NaCl;20;200;;233.0000;218.6269;;1.6651;0.0000;0.0000;1.2488;0.4163;2.0814;14.1536;41.2119;43.7096;53.2840;30.3886;22.0629;7.0768;1.6651;0.4163;0.0000;39.94;25.20;26.43;
735.6;NaCl;20;200;;191.0000;250.1556;;0.4168;0.0000;0.4168;0.8335;0.4168;2.0838;19.1707;40.4252;41.6754;59.5959;36.2576;30.0063;17.5037;2.5005;0.0000;0.0000;39.93;25.40;26.44;
737.0;NaCl;20;200;;197.0000;277.1210;;1.2495;0.0000;0.4165;1.2495;2.4990;2.4990;18.3262;39.5679;49.5640;65.8077;41.2339;36.6524;14.1612;4.5815;0.0000;0.4165;39.95;25.35;26.37;
738.4;NaCl;20;200;;185.0000;271.7279;;3.3298;0.0000;0.4162;1.2487;0.8325;2.0811;10.4057;33.7145;47.0338;67.4290;48.2825;38.7092;12.4868;4.9947;1.6649;0.0000;39.95;25.31;26.29;
739.8;NaCl;20;200;;215.0000;220.2863;;0.4164;0.4164;0.0000;0.8328;0.8328;1.2492;7.9119;35.8117;31.6476;51.2191;42.8908;30.8147;11.6596;3.3313;1.6657;0.4164;39.95;25.41;26.22;
741.2;NaCl;20;200;;187.0000;245.5922;;2.4980;0.0000;0.0000;0.0000;1.2490;2.0816;12.0735;33.3061;43.7142;62.0326;33.7224;34.9714;14.1551;5.8286;0.8327;0.0000;39.97;25.29;26.17;
742.6;NaCl;20;200;;165.0000;250.5705;;2.0822;0.0000;0.0000;1.2493;0.4164;3.7480;10.8275;32.4825;31.2332;54.9703;45.3922;48.7237;14.9919;4.5809;0.8329;0.0000;39.95;25.13;26.12;
744.1;NaCl;20;200;;181.0000;258.0378;;0.8328;0.0000;0.8328;0.4164;0.4164;0.4164;9.5769;38.3077;46.6355;61.6255;53.2977;30.3964;12.9080;2.4983;0.8328;0.0000;39.97;25.20;26.07;
745.5;NaCl;20;200;;223.0000;234.8061;;0.8328;0.0000;0.0000;0.4164;1.6657;1.2493;9.9942;27.0676;32.8975;63.2965;40.3931;40.3931;12.4927;4.1642;0.8328;0.0000;39.99;25.30;26.07;
746.9;NaCl;20;200;;215.0000;245.5922;;3.7475;0.0000;0.0000;0.4164;2.0819;2.4983;13.7408;25.8161;41.2225;61.2091;40.3897;33.3111;15.4064;4.9967;1.2492;0.4164;39.97;25.37;26.12;
748.3;NaCl;20;200;;213.0000;239.3695;;2.0820;0.0000;0.0000;1.2492;0.8328;0.8328;9.1609;29.5649;42.0570;67.8742;43.3063;27.8992;11.2430;2.9148;1.2492;0.0000;39.97;25.29;26.25;
749.7;NaCl;20;200;;195.0000;231.0724;;2.0833;0.0000;0.0000;0.0000;0.4167;2.9167;9.1666;34.5832;32.9165;63.7498;37.9165;32.4999;10.8333;3.7500;1.2500;0.0000;39.97;25.17;26.27;
751.1;NaCl;20;200;;185.0000;238.5398;;1.6654;0.0000;0.4164;0.0000;1.6654;0.8327;14.1563;27.4799;36.6398;62.4543;47.8816;29.5617;10.4090;4.5800;1.6654;0.0000;39.99;25.11;26.18;
752.5;NaCl;20;200;;197.0000;220.2863;;4.5807;0.0000;0.0000;0.8328;1.6657;0.8328;7.4956;24.5690;36.2289;58.7158;39.5603;29.5661;10.8270;4.9971;1.2493;0.0000;40.00;24.91;26.17;
753.9;NaCl;20;200;;195.0000;239.3695;;0.8331;0.0000;0.4165;0.4165;0.4165;1.2496;7.4979;27.9088;39.1556;50.4024;44.9873;40.8218;17.0785;7.0813;1.6662;0.4165;39.94;24.74;26.02;
755.3;NaCl;20;200;;199.0000;267.5794;;2.5009;0.0000;0.0000;0.4168;0.0000;2.0841;13.3381;49.1844;50.0180;60.8553;39.1808;36.2631;11.6709;1.2505;2.0841;0.0000;39.95;24.77;25.93;
756.7;NaCl;20;200;;175.0000;218.6269;;3.3310;0.0000;0.0000;0.8328;0.8328;0.4164;2.4983;23.7336;29.5630;60.3750;41.2216;35.8086;17.4879;1.6655;1.2491;0.4164;39.95;24.75;25.82;
758.1;NaCl;20;200;;179.0000;251.4002;;4.1660;0.0000;0.0000;0.4166;0.8332;2.4996;10.4151;28.7456;32.4950;72.0723;49.5757;28.7456;14.5811;5.8324;1.6664;0.4166;39.94;24.77;25.71;
759.6;NaCl;20;200;;211.0000;243.9328;;3.7477;0.0000;0.0000;0.8328;0.4164;2.9148;10.4102;34.1453;30.8141;61.6281;54.9656;32.0633;9.5773;2.0820;1.2492;0.0000;39.94;24.71;25.70;
761.0;NaCl;20;200;;229.0000;245.1774;;2.0832;0.0000;0.0000;0.4166;1.2499;1.6666;13.3327;27.9154;41.2481;64.5803;47.4978;30.4152;12.4994;2.4999;0.4166;0.4166;39.91;24.68;25.66;
762.4;NaCl;20;200;;201.0000;247.2517;;2.4981;0.0000;0.0000;0.4163;0.8327;2.0817;19.9845;42.8834;47.8796;53.2920;41.6344;27.0624;7.0778;1.6654;0.8327;0.0000;39.92;24.77;25.66;
763.8;NaCl;20;200;;201.0000;241.0289;;1.6657;0.0000;0.0000;0.8328;0.8328;4.1642;17.0734;37.4782;39.5603;50.8038;40.3931;34.9796;10.8270;2.0821;1.2493;0.0000;39.91;24.65;25.60;
765.2;NaCl;20;200;;197.0000;247.2517;;2.4998;0.0000;0.4166;0.4166;2.4998;2.4998;15.4156;34.1643;35.8309;56.2462;46.6635;35.4143;13.3324;2.9165;0.0000;0.0000;39.89;24.63;25.66;
766.6;NaCl;20;200;;183.0000;234.8281;;1.2434;0.4145;0.0000;0.8289;1.6578;3.3156;21.9660;39.3731;46.0044;46.4188;31.9129;28.5973;8.7035;4.5590;0.8289;0.0000;39.88;24.50;25.67;
768.0;NaCl;20;200;;185.0000;255.4632;;3.3141;0.0000;0.0000;1.2428;0.8285;4.5568;16.1561;44.7399;40.5973;64.2101;30.6551;33.1407;12.4278;3.7283;0.8285;0.0000;39.88;24.55;25.69;
769.4;NaCl;20;200;;205.0000;264.1300;;2.4860;0.0000;0.4143;0.8287;2.9003;1.6573;13.6729;31.9034;45.1619;74.1650;53.4485;30.6604;5.8006;1.6573;0.4143;0.0000;39.91;24.66;25.83;
770.8;NaCl;20;200;;183.0000;256.0467;;4.1869;0.0000;0.0000;1.6748;1.2561;1.6748;12.1421;30.1459;42.2880;69.5031;45.2189;32.2394;14.2356;1.6748;0.4187;0.4187;39.93;24.69;25.86;
772.2;NaCl;20;200;;205.0000;226.0217;;2.5118;0.0000;0.0000;1.2559;1.2559;0.8373;13.8151;28.0489;36.4216;52.7486;39.7708;33.9098;14.6524;1.2559;0.4186;0.0000;39.89;24.66;25.79;
773.6;NaCl;20;200;;211.0000;249.5791;;0.8337;0.4168;0.4168;1.2505;0.8337;3.7515;12.9217;30.8454;46.2680;76.6966;40.4324;24.1761;9.1702;2.0841;0.4168;0.0000;39.95;24.71;25.86;
775.1;NaCl;20;200;;203.0000;251.6555;;4.1705;0.4171;0.0000;0.8341;0.0000;0.8341;11.2604;30.4448;41.2882;68.3966;43.3735;35.0324;10.8434;4.1705;1.2512;0.4171;39.91;24.72;25.83;
776.5;NaCl;20;200;;201.0000;251.6555;;0.8342;0.0000;0.0000;1.2513;0.4171;0.4171;9.1759;29.6133;45.8797;69.6537;42.9601;36.7038;13.3468;2.0854;0.0000;0.4171;39.92;24.63;26.02;
777.9;NaCl;20;200;;221.0000;230.4766;;3.3363;0.0000;0.0000;0.0000;0.4170;2.0852;12.0940;34.6139;44.2057;58.3849;42.5375;20.8517;10.8429;0.8341;1.2511;0.0000;39.92;24.69;26.12;
779.3;NaCl;20;200;;225.0000;242.9348;;4.1701;0.0000;0.4170;0.4170;0.8340;3.3361;19.5994;40.8668;37.9477;56.7131;39.6157;28.7735;9.5912;1.2510;0.4170;0.0000;39.88;24.70;26.10;
780.7;NaCl;20;200;;242.0000;254.1471;;0.4166;0.0000;0.4166;1.6664;1.2498;4.5826;15.4141;41.2431;44.1593;63.7394;39.9933;30.8282;9.5817;1.2498;0.0000;0.4166;39.88;24.64;26.09;
782.1;NaCl;20;200;;225.0000;254.1471;;2.5008;0.0000;0.0000;0.0000;0.0000;2.0840;18.7557;25.8412;45.4305;61.6854;51.6824;32.5099;10.4198;3.3343;0.8336;0.0000;39.87;24.60;26.00;
783.5;NaCl;20;200;;229.0000;262.0373;;2.9189;0.0000;0.0000;0.8340;0.8340;1.6680;15.8456;40.4480;48.7878;72.9732;41.6990;23.7684;12.5097;0.8340;0.0000;0.0000;39.84;24.55;25.88;
784.9;NaCl;20;200;;203.0000;269.9275;;1.6679;0.0000;0.0000;0.4170;0.8340;1.6679;22.9340;44.6170;50.4547;68.8019;42.9490;26.6868;9.1736;0.8340;0.0000;0.0000;39.88;24.62;25.95;
786.3;NaCl;20;200;;211.0000;223.0017;;2.0844;0.0000;0.0000;0.0000;0.0000;2.9182;8.3377;23.3454;33.7675;60.0311;46.6909;35.0182;8.7545;2.5013;0.4169;0.0000;39.89;24.56;25.89;
787.7;NaCl;20;200;;241.0000;254.9777;;4.5848;0.4168;0.0000;0.4168;1.2504;2.0840;7.5024;29.5930;43.7643;74.6076;50.0163;33.7610;5.4184;2.5008;0.0000;0.0000;39.90;24.62;25.89;
789.1;NaCl;20;200;;217.0000;237.9557;;0.4145;0.4145;0.0000;0.8290;0.4145;2.4869;13.6781;30.2576;40.6198;62.5877;39.3764;30.2576;13.6781;3.3159;0.4145;0.0000;39.91;24.75;25.91;
790.6;NaCl;20;200;;197.0000;255.7197;;2.9033;0.0000;0.0000;0.8295;0.4148;2.4885;12.4426;35.2541;41.0607;77.1443;46.4525;26.9590;7.4656;2.4885;0.0000;0.8295;39.91;24.70;25.98;
792.0;NaCl;20;200;;165.0000;243.7393;;0.4148;0.0000;0.0000;1.2443;1.2443;3.3182;11.6139;34.0120;45.2111;65.9502;41.8929;29.8642;7.4661;2.4887;0.0000;0.0000;39.90;24.68;25.93;
793.4;NaCl;20;200;;233.0000;249.9361;;2.4885;0.0000;1.2442;0.4147;2.9032;2.4885;15.7603;45.6220;36.4976;52.2579;41.4746;32.7649;13.6866;2.9032;0.4147;0.0000;39.87;24.84;25.91;
794.8;NaCl;20;200;;231.0000;270.5552;;2.4732;0.0000;0.0000;0.4122;2.4732;5.3586;22.2587;52.7614;51.1126;60.1810;41.6321;25.5563;6.1830;1.2366;0.0000;0.0000;39.85;24.87;25.82;
796.2;NaCl;20;200;;256.0000;251.6697;;1.2364;0.0000;0.4121;0.8243;0.4121;0.8243;11.1277;33.3831;39.5651;64.7055;56.0506;32.1467;9.8913;1.2364;0.4121;0.4121;39.86;24.75;25.75;
797.6;NaCl;20;200;;167.0000;251.2592;;2.8856;0.0000;0.4122;0.8245;1.6489;2.0611;9.0690;31.3291;51.1159;76.2616;44.5203;21.4357;7.0078;2.8856;0.8245;0.0000;39.88;24.73;25.70;
799.0;NaCl;20;200;;215.0000;270.0026;;3.6879;0.4098;0.0000;0.0000;1.6391;1.6391;12.2931;30.3230;39.3379;68.4316;57.7775;37.2891;12.2931;4.5075;1.2293;0.0000;39.89;24.72;25.65;
800.4;NaCl;20;200;;185.0000;258.5653;;2.4610;0.0000;0.0000;0.8203;0.8203;1.2305;14.7662;28.3020;45.5293;65.6278;41.0174;41.8377;11.4849;4.1017;1.6407;0.0000;39.85;24.66;25.63;
801.8;NaCl;20;200;;183.0000;245.9026;;0.8203;0.0000;0.0000;0.8203;1.6405;6.9722;26.2483;49.6257;38.1421;54.9574;30.3496;26.6584;7.7925;1.6405;1.2304;0.0000;39.89;24.58;25.63;
803.2;NaCl;20;200;;189.0000;81.6952;;1.6400;0.0000;0.0000;0.0000;0.8200;0.4100;3.6901;9.0201;15.5803;17.6303;15.1702;11.4802;5.3301;0.8200;0.4100;0.0000;39.86;24.65;25.61;
804.7;NaCl;20;200;;197.0000;232.0144;;1.2302;0.0000;0.0000;0.4101;1.2302;2.0503;13.9423;24.6041;37.3162;61.9203;42.2370;35.6759;8.6114;3.2805;0.4101;0.0000;39.88;24.56;25.61;
806.1;NaCl;20;200;;209.0000;230.3805;;0.8201;0.0000;0.8201;1.2302;0.0000;0.4101;9.4316;22.5537;29.9350;62.3304;52.4887;37.7263;11.4819;1.6403;0.4101;0.0000;39.88;24.55;25.66;
807.5;NaCl;20;200;;191.0000;234.8737;;1.2295;0.0000;0.4098;1.6394;0.8197;5.7379;14.3447;40.9849;38.1159;58.6084;29.0993;29.5091;9.8364;4.5083;0.4098;0.4098;39.89;24.47;25.67;
808.9;NaCl;20;200;;195.0000;232.4229;;2.8701;0.0000;0.0000;0.0000;1.6401;0.4100;11.8904;31.9812;45.1017;55.7621;33.2113;36.0814;10.6604;3.6901;0.0000;0.0000;39.87;24.39;25.54;
810.3;NaCl;20;200;;209.0000;256.1145;;2.4613;0.0000;0.0000;0.4102;0.8204;5.7429;22.5615;52.0965;44.7128;51.6863;31.1759;25.4329;15.5879;2.4613;1.2306;0.8204;39.88;24.43;25.56;
811.7;NaCl;20;200;;207.0000;34.7205;;0.4100;0.0000;0.0000;0.0000;0.0000;0.4100;1.6402;5.3305;5.3305;8.6109;5.3305;4.5105;3.2803;0.0000;0.0000;0.0000;39.90;24.48;25.54;
813.1;NaCl;20;200;;235.0000;182.9973;;2.4600;0.0000;0.4100;0.4100;1.2300;1.2300;5.3300;23.3699;29.9298;55.3497;27.4699;25.8299;6.1500;3.2800;1.2300;0.0000;39.88;24.35;25.58;
814.5;NaCl;20;200;;211.0000;243.4517;;2.4604;0.0000;0.0000;1.2302;0.8201;1.6402;7.7911;23.3734;41.4160;76.2710;42.6462;30.3444;9.4314;6.1509;0.8201;0.0000;39.89;24.48;25.58;
815.9;NaCl;20;200;;211.0000;249.9873;;1.6395;0.0000;0.0000;1.6395;0.4099;2.0493;13.1157;28.2808;47.9544;63.1194;42.6261;31.9696;10.2467;6.1480;1.2296;0.4099;39.87;24.52;25.58;
817.4;NaCl;20;200;;207.0000;240.5924;;1.2299;0.0000;0.0000;0.4100;0.8200;2.4599;10.6595;28.2886;44.6879;62.3170;37.7182;34.4384;14.3493;2.4599;1.2299;0.4100;39.89;24.50;25.60;
818.8;NaCl;20;200;;225.0000;238.5500;;1.6397;0.0000;0.0000;0.0000;1.2298;1.2298;12.2978;44.2722;43.8623;61.8991;36.4836;27.0552;8.1986;0.8199;0.4099;0.0000;39.85;24.44;25.62;
820.2;NaCl;20;200;;217.0000;230.7889;;2.0508;0.0000;0.0000;0.4102;0.4102;2.8711;14.7656;34.4531;45.9375;63.9843;29.5312;24.1992;10.2539;1.6406;0.4102;0.8203;39.89;24.44;25.65;
821.6;NaCl;20;200;;221.0000;242.6348;;2.0521;0.0000;0.4104;1.2312;1.6416;2.8729;13.5436;30.3704;38.9890;63.2033;37.7578;34.4745;11.9019;3.6937;1.2312;0.4104;39.88;24.46;25.65;
823.0;NaCl;20;200;;215.0000;243.4517;;1.6403;0.0000;0.0000;0.4101;2.0504;2.4605;13.5328;35.6775;44.6993;62.3330;36.4976;29.9363;9.0219;5.3311;0.0000;0.8202;39.86;24.45;25.70;
824.4;NaCl;20;200;;231.0000;244.2687;;2.0503;0.0000;0.8201;0.4101;1.2302;3.2805;20.5030;38.5456;45.5166;47.9769;38.9556;28.2941;15.5823;2.0503;0.0000;0.0000;39.88;24.39;25.85;
825.8;NaCl;20;200;;217.0000;257.7484;;2.0492;0.0000;1.2295;1.6394;1.6394;0.8197;13.9346;30.7380;41.8037;64.7547;40.9840;34.4266;17.6231;5.7378;0.4098;0.8197;39.89;24.35;25.94;
827.2;NaCl;20;200;;223.0000;235.2822;;2.0510;0.0000;0.0000;0.0000;0.4102;1.2306;5.7427;36.5070;36.9172;66.4510;44.7108;27.4828;11.0752;3.6917;0.0000;0.0000;39.93;24.45;25.96;
828.6;NaCl;20;200;;233.0000;246.8412;;2.8539;0.4077;0.0000;0.8154;0.0000;1.2231;5.7078;24.0544;33.8393;56.6706;62.7861;34.6547;19.5697;3.6693;1.6308;0.0000;39.95;24.73;25.99;
830.0;NaCl;20;200;;205.0000;234.6615;;3.6670;0.4074;0.0000;0.0000;0.8149;2.8521;7.3341;15.8905;29.7438;54.5982;49.3013;49.3013;14.6682;5.2968;0.8149;0.8149;39.96;24.83;26.05;
831.4;NaCl;20;200;;225.0000;262.6748;;2.8532;0.0000;0.0000;1.2228;1.2228;2.4456;10.5975;22.8255;31.3850;70.9220;55.4333;40.3521;16.7115;6.1140;1.2228;0.4076;39.97;24.76;26.09;
832.8;NaCl;20;200;;250.0000;262.2688;;1.2231;0.0000;0.0000;1.6308;1.2231;3.2617;9.3774;27.7243;48.5176;61.5644;44.4405;37.1017;16.7161;6.9311;2.0386;1.6308;39.98;24.73;26.04;
834.3;NaCl;20;200;;231.0000;261.4506;;4.0748;0.4075;0.0000;0.8150;2.4449;2.4449;12.2245;27.3014;32.5987;72.5320;55.0102;36.6735;13.8544;1.6299;0.4075;0.0000;39.98;24.66;26.08;
835.7;NaCl;20;200;;223.0000;263.4506;;2.4195;0.8065;0.4032;0.0000;1.2097;2.0162;10.0811;34.6790;33.4693;66.5354;43.9537;45.9699;16.5330;5.2422;1.2097;0.0000;39.97;24.60;26.06;
837.1;NaCl;20;200;;227.0000;266.6634;;2.0154;0.0000;0.0000;1.2092;0.8062;2.4185;11.6893;37.0834;48.7727;65.2991;41.1142;37.4865;14.9140;3.6277;1.2092;0.0000;39.95;24.53;26.11;
838.5;NaCl;20;200;;215.0000;255.8202;;2.4186;0.0000;0.0000;0.0000;1.6124;2.0155;10.8836;41.1160;38.6974;55.2244;51.1934;36.2788;13.7053;2.0155;1.6124;0.0000;39.93;24.51;26.33;
839.9;NaCl;20;200;;237.0000;262.2458;;2.0164;0.0000;0.4033;0.4033;2.0164;4.0329;16.9381;41.1354;46.3781;74.2050;35.0860;25.8104;11.2921;2.8230;0.4033;0.4033;39.95;24.50;26.36;
841.3;NaCl;20;200;;242.0000;81.9267;;0.8061;0.0000;0.0000;0.0000;0.0000;1.6122;6.0458;11.6886;16.5252;17.3314;14.9130;10.0764;2.0153;0.4031;0.8061;0.0000;39.93;24.51;26.30;
842.7;NaCl;20;200;;248.0000;256.3038;;2.4038;0.4006;0.4006;0.8013;0.8013;1.6025;14.4226;40.8641;36.0566;58.8924;43.2679;40.0629;10.8170;4.4069;0.8013;1.2019;39.96;24.53;26.40;
844.1;NaCl;20;200;;252.0000;267.4821;;3.6075;0.0000;0.4008;0.4008;0.0000;1.6033;13.6284;30.0626;28.4593;68.9436;51.7077;46.8977;18.8392;4.0083;0.0000;0.0000;39.95;24.50;26.30;
845.5;NaCl;20;200;;233.0000;210.7919;;2.8051;0.0000;0.0000;0.8014;0.8014;1.6029;11.2202;26.8484;32.0578;50.4911;38.0687;37.6680;7.2130;0.8014;1.2022;0.0000;40.00;24.57;26.23;
846.9;NaCl;20;200;;227.0000;264.2883;;4.4087;0.0000;0.4008;0.0000;1.6032;3.2063;12.0238;25.2499;40.0792;64.9283;47.2934;37.6744;21.2420;4.8095;2.0040;0.4008;40.00;24.52;26.15;
848.3;NaCl;20;200;;225.0000;265.0868;;3.2071;0.0000;0.4009;0.0000;0.4009;1.6035;11.2248;38.0842;40.0886;59.3312;52.1152;40.0886;16.0354;2.0044;1.2027;0.4009;39.98;24.43;26.16;
849.8;NaCl;20;200;;227.0000;279.8582;;3.6069;0.0000;0.8015;0.4008;0.8015;5.2100;17.6337;36.0689;50.0957;73.3402;48.4927;29.2559;10.8207;4.0077;0.4008;0.0000;39.99;24.44;26.13;
851.2;NaCl;20;200;;215.0000;265.0868;;2.8052;0.0000;0.0000;0.8015;1.6030;1.2022;8.0150;28.0524;34.4644;70.1310;58.1086;45.2846;12.8240;2.4045;0.0000;0.4007;39.98;24.41;26.05;
852.6;NaCl;20;200;;268.0000;253.9084;;4.4080;0.0000;0.0000;0.0000;0.4007;1.2022;13.2239;24.0434;36.0651;68.5236;48.0868;40.0723;14.8268;3.2058;0.8014;0.0000;40.01;24.40;25.97;
854.0;NaCl;20;200;;254.0000;275.8659;;3.2067;0.0000;0.0000;0.4008;0.4008;1.6033;9.6200;30.8643;39.2818;70.1461;53.7118;40.4843;21.6451;5.2109;0.4008;0.0000;39.98;24.39;25.93;
855.4;NaCl;20;200;;211.0000;247.9200;;4.4078;0.0000;0.4007;0.4007;0.0000;3.2056;8.0141;31.6558;40.0706;63.7122;46.8826;36.0635;11.6205;2.4042;0.0000;0.0000;40.00;24.37;25.88;
856.8;NaCl;20;200;;242.0000;279.0900;;4.4836;0.4076;0.8152;0.8152;0.8152;1.6304;6.1140;26.0865;38.7221;80.7050;59.5098;45.2437;11.4128;2.4456;0.8152;0.0000;39.99;24.36;26.06;
858.2;NaCl;20;200;;235.0000;262.8403;;4.0786;0.0000;0.0000;1.2236;1.6315;2.8550;8.9730;31.8133;44.4571;65.2581;52.6143;34.6684;11.8280;4.4865;0.0000;0.0000;39.99;24.36;26.19;
859.6;NaCl;20;200;;213.0000;259.1841;;0.8156;0.0000;0.0000;0.8156;0.4078;2.8545;14.6802;37.9239;39.9629;62.3910;52.6042;36.7006;6.1168;4.4856;0.4078;0.0000;39.98;24.35;26.02;
861.0;NaCl;20;200;;248.0000;281.5275;;7.7486;0.0000;0.0000;0.4078;1.2235;1.6313;8.9720;33.4412;45.2679;70.9606;54.6478;44.0445;10.6033;3.2626;0.0000;0.4078;39.98;24.31;25.89;
862.4;NaCl;20;200;;240.0000;255.5278;;4.0788;0.0000;0.0000;0.8158;2.0394;3.2630;13.0522;32.2226;48.9457;65.2609;41.1959;31.4068;11.8285;2.0394;0.4079;0.0000;39.96;24.32;25.74;
863.8;NaCl;20;200;;219.0000;269.7464;;3.6708;0.0000;0.0000;2.0394;0.8157;3.2630;12.2362;36.7085;41.6029;61.1808;52.6155;42.4187;10.1968;4.0787;0.0000;0.0000;39.97;24.29;25.65;
865.2;NaCl;20;200;;233.0000;292.0899;;1.2235;0.0000;0.8156;0.8156;1.6313;2.0391;11.8268;28.9552;48.9383;89.7202;57.0947;33.8490;11.4189;4.0782;0.4078;0.4078;39.95;24.27;25.59;
866.6;NaCl;20;200;;197.0000;150.7804;;1.6222;0.4055;0.0000;0.0000;0.4055;1.6222;8.9220;19.4661;28.7936;37.7155;21.4938;17.0328;12.1663;0.8111;0.0000;0.8111;39.95;24.32;25.67;
868.1;NaCl;20;200;;227.0000;254.2651;;2.8423;0.0000;0.4060;0.4060;0.8121;2.8423;15.0238;41.4168;41.4168;55.6285;42.2289;43.0410;5.6847;3.2484;0.0000;0.4060;39.96;24.37;25.86;
869.5;NaCl;20;200;;187.0000;274.4770;;4.8699;0.0000;0.0000;0.8116;1.6233;2.0291;17.0445;47.0753;46.6695;71.4246;41.7996;31.2482;8.9281;1.6233;0.4058;0.0000;39.97;24.44;25.93;
870.9;NaCl;20;200;;240.0000;258.3075;;0.4058;0.0000;0.4058;1.2174;1.2174;1.6232;17.4492;40.9853;47.4781;63.3041;43.0143;29.6231;10.5507;1.6232;0.4058;0.0000;39.96;24.43;25.96;
872.3;NaCl;20;200;;229.0000;296.7100;;2.8401;0.4057;0.4057;1.2172;1.6229;1.6229;14.6064;45.0365;45.4423;73.8437;60.8602;32.4588;14.2007;2.8401;0.4057;0.0000;39.93;24.38;25.94;
873.7;NaCl;20;200;;227.0000;265.9880;;2.8406;0.4058;0.4058;0.8116;0.0000;3.2464;13.7973;34.4933;43.4210;67.3635;50.3197;38.1456;8.5219;2.0290;0.8116;0.4058;39.97;24.37;25.98;
875.1;NaCl;20;200;;227.0000;272.4558;;1.6225;0.0000;0.0000;0.4056;0.0000;1.2169;5.6788;30.0166;42.5912;78.6923;58.4108;36.9124;12.1689;4.0563;1.2169;0.4056;39.96;24.36;25.97;
876.5;NaCl;20;200;;215.0000;245.3719;;1.2187;0.0000;0.4062;0.4062;0.8125;1.2187;11.7809;37.7802;37.7802;55.2485;46.7175;37.7802;13.8121;1.2187;0.4062;0.0000;39.94;24.35;25.96;
877.9;NaCl;20;200;;209.0000;276.4982;;4.0594;0.0000;0.0000;1.2178;1.2178;0.8119;11.7724;32.0695;47.4953;71.0400;54.3964;42.6240;9.3367;0.8119;0.8119;0.0000;39.94;24.36;26.03;
879.3;NaCl;20;200;;219.0000;255.4778;;0.8116;0.0000;0.0000;1.6232;1.6232;4.0580;19.4786;34.0875;49.9139;70.2041;43.8268;22.3192;6.0871;2.0290;0.4058;0.0000;39.95;24.35;26.12;
880.8;NaCl;20;200;;205.0000;247.7973;;4.0581;0.0000;0.0000;0.0000;0.4058;2.0291;12.1744;40.9871;41.3929;70.6114;40.5813;26.3778;8.1163;1.2174;0.8116;0.0000;39.92;24.27;26.10;
882.2;NaCl;20;200;;250.0000;294.6888;;4.4642;0.0000;0.0000;0.4058;1.2175;2.4350;18.6686;42.2072;46.6715;80.3561;43.4247;40.5839;11.7693;3.2467;0.4058;0.0000;39.92;24.25;25.98;
883.6;NaCl;20;200;;221.0000;246.1804;;3.2490;0.0000;0.0000;0.8123;0.8123;2.4368;12.1838;34.1146;49.1412;67.4169;37.7697;27.2104;9.7470;2.0306;0.0000;0.4061;39.94;24.24;25.91;
885.0;NaCl;20;200;;227.0000;280.1363;;1.6228;0.0000;0.0000;1.2171;1.6228;2.8399;19.0679;43.8156;46.6555;67.3462;42.5985;37.7301;11.3596;2.8399;2.4342;0.0000;39.93;24.23;25.91;
886.4;NaCl;20;200;;235.0000;257.0948;;3.2468;0.0000;0.0000;1.6234;1.6234;1.2176;12.1757;27.5982;33.6861;54.7906;55.6023;41.8032;17.8577;5.6820;0.8117;0.4059;39.95;24.24;25.85;
887.8;NaCl;20;200;;262.0000;250.6270;;3.6500;0.0000;0.0000;0.4056;1.2167;4.0555;15.4110;28.7942;35.6886;64.0772;41.7719;32.8497;16.6276;6.0833;0.4056;0.4056;39.92;24.27;25.76;
889.2;NaCl;20;200;;227.0000;102.2720;;0.8109;0.0000;0.0000;0.0000;0.4054;0.4054;3.6489;13.7846;13.3792;24.3258;21.4878;20.2715;2.4326;1.6217;0.0000;0.0000;39.90;24.37;25.63;
890.6;NaCl;20;200;;231.0000;248.2016;;1.2168;0.0000;0.8112;0.4056;1.6224;0.8112;6.8953;20.6858;36.0988;68.9527;50.2949;38.1268;16.6298;3.6504;1.6224;1.2168;39.92;24.49;25.56;
892.0;NaCl;20;200;;227.0000;269.6261;;3.6534;0.0000;0.0000;1.6237;1.2178;0.4059;12.9899;25.9798;39.7816;66.9792;48.7121;41.8112;22.7323;2.8415;1.2178;0.8119;39.95;24.58;25.51;
893.5;NaCl;20;200;;185.0000;197.2677;;3.6518;0.0000;0.0000;0.0000;0.4058;0.8115;6.4920;15.0128;27.9969;52.7477;43.4155;32.4602;12.9841;1.6230;0.4058;0.0000;39.97;24.63;25.46;
894.9;NaCl;20;200;;233.0000;201.3101;;1.6226;0.0000;0.0000;0.0000;0.8113;0.8113;8.1128;32.4511;24.7440;55.9782;31.2342;27.9891;12.9804;4.4620;0.4056;0.4056;39.95;24.66;25.57;
896.3;NaCl;20;200;;193.0000;238.0956;;2.8388;0.0000;0.0000;0.4055;1.6222;2.0277;18.2495;36.4989;35.2823;64.0759;30.4158;30.8213;12.5718;3.2443;0.8111;0.0000;39.95;24.72;25.56;
897.7;NaCl;20;200;;239.0000;289.4337;;4.4641;0.4058;0.0000;0.8117;0.4058;2.0292;15.8274;36.5247;41.3947;79.1369;53.5696;35.3072;16.6390;3.2466;0.8117;0.0000;39.91;24.86;25.50;
899.1;NaCl;20;200;;260.0000;257.4990;;2.0289;0.0000;0.0000;0.4058;1.2173;2.4347;12.5791;29.2160;41.7951;65.3303;46.2587;37.3316;14.2022;5.2751;0.4058;0.0000;39.91;24.91;25.47;
900.5;NaCl;20;200;;235.0000;274.4770;;2.8411;0.0000;0.0000;0.8117;0.8117;2.4352;11.3645;25.5700;42.6167;70.2161;51.1401;43.8343;17.0467;5.2764;1.6235;0.0000;39.90;24.83;25.56;
901.9;NaCl;20;200;;205.0000;274.4770;;2.4346;0.0000;0.0000;0.8115;1.6231;1.2173;4.0577;24.7519;35.7077;81.1539;53.9673;47.8808;16.2308;4.4635;1.2173;0.0000;39.94;24.86;25.70;
903.3;NaCl;20;200;;217.0000;258.7117;;3.2464;0.0000;0.4058;1.2174;2.0290;2.0290;10.5509;29.6237;41.7978;77.9144;38.5514;34.0875;14.6089;3.2464;0.4058;0.0000;39.95;24.83;25.65;
904.7;NaCl;20;200;;252.0000;281.1814;;3.2305;0.4038;0.0000;0.4038;0.4038;1.2114;11.7106;34.7279;37.9584;73.4940;50.4766;40.7851;20.5945;4.0381;2.4229;0.4038;39.94;24.89;25.65;
906.1;NaCl;20;200;;199.0000;297.2719;;3.6318;0.0000;0.0000;0.4035;1.2106;2.0177;6.8601;26.6334;43.9855;75.4613;63.7588;43.5819;21.3874;7.2637;2.0177;0.0000;39.95;24.98;25.58;
907.5;NaCl;20;200;;241.0000;264.2864;;3.6335;0.0000;0.8074;0.8074;0.8074;1.2112;9.6892;18.9747;37.5458;61.3651;48.8499;57.3279;18.9747;4.0372;0.8074;0.4037;39.97;24.94;25.59;
908.9;NaCl;20;200;;258.0000;121.8855;;0.4036;0.0000;0.4036;0.4036;0.4036;0.4036;4.0358;11.7038;14.1253;33.0935;29.4613;17.3539;6.4573;3.2286;0.8072;0.0000;39.96;24.93;25.64;
910.4;NaCl;20;200;;229.0000;289.6289;;3.2311;0.0000;0.8078;0.8078;0.4039;2.0194;10.0971;35.1378;46.4465;71.4872;56.9474;43.6193;14.5398;4.8466;0.4039;0.0000;39.95;24.85;25.71;
911.8;NaCl;20;200;;193.0000;263.4106;;3.2141;0.4018;0.0000;0.4018;1.2053;2.8124;17.6778;31.7397;39.3733;67.0954;42.5875;41.3822;11.6513;4.0177;0.8035;0.0000;39.96;25.01;25.83;
913.2;NaCl;20;200;;266.0000;219.3754;;2.0098;0.4020;0.0000;0.0000;0.8039;2.8137;8.8431;19.6959;26.5292;50.6467;49.8428;38.5880;14.8724;3.6176;0.8039;0.8039;39.91;24.94;25.76;
914.6;NaCl;20;200;;250.0000;283.4266;;3.6156;0.0000;0.0000;0.0000;1.6069;4.0173;12.8555;29.3266;47.4046;67.4914;46.1994;48.2081;16.8728;5.2225;0.8035;0.8035;39.94;24.96;25.68;
916.0;NaCl;20;200;;199.0000;244.9959;;5.2261;0.0000;0.0000;1.2060;1.2060;0.4020;8.8442;25.3266;27.7387;69.5477;45.0251;39.7990;16.8844;3.6181;0.8040;0.4020;39.94;24.98;25.67;
917.4;NaCl;20;200;;209.0000;269.8158;;2.8132;0.4019;0.0000;0.8038;0.4019;1.6075;7.6357;25.3185;37.7768;75.9554;53.0482;47.0200;14.0658;1.6075;2.4113;0.0000;39.93;25.10;25.80;
918.8;NaCl;20;200;;264.0000;283.4266;;1.6075;0.0000;0.4019;0.4019;0.4019;2.8130;10.8503;29.3360;51.0366;68.3168;61.8869;37.7751;14.4671;3.2149;1.6075;0.4019;39.97;25.05;25.77;
920.2;NaCl;20;200;;239.0000;289.0311;;3.2146;0.0000;0.4018;1.6073;0.8037;2.4110;10.0457;21.6988;35.7628;73.5347;65.8999;51.4341;17.6805;4.4201;1.2055;0.0000;39.93;25.08;25.75;
921.6;NaCl;20;200;;262.0000;60.8487;;0.0000;0.0000;0.0000;0.0000;0.0000;0.0000;1.2056;7.6354;8.0373;14.0652;13.6634;10.8503;3.6168;1.2056;0.8037;0.0000;40.00;25.11;25.77;
923.0;NaCl;20;200;;223.0000;275.4202;;5.2219;0.0000;0.8034;0.0000;1.6067;1.6067;7.6320;22.0925;32.9380;66.6793;63.4659;49.8086;19.2808;4.8202;0.4017;0.0000;39.97;24.97;25.76;
924.4;NaCl;20;200;;209.0000;286.6921;;4.3851;0.3986;0.0000;1.1959;1.9932;0.3986;4.7837;29.1011;30.2970;80.9250;65.3778;43.0537;19.1350;5.5810;1.1959;0.0000;39.98;24.93;25.74;
925.8;NaCl;20;200;;233.0000;180.2120;;1.9780;0.3956;0.0000;0.3956;0.7912;0.7912;9.0987;20.5709;29.6696;44.3066;34.0211;27.6916;6.7251;3.9559;0.0000;0.3956;39.95;24.80;25.82;
927.2;NaCl;20;200;;246.0000;292.2037;;2.7711;0.0000;0.0000;1.5835;2.3752;1.9794;15.4391;44.3379;43.9420;72.8408;51.8595;40.7750;12.2721;1.9794;1.1876;0.0000;39.95;24.64;25.89;
928.6;NaCl;20;200;;239.0000;293.3868;;2.7712;0.0000;0.0000;0.7918;0.7918;1.5835;11.4806;35.2335;51.4647;73.2383;47.5059;50.6730;14.6477;2.3753;1.9794;0.0000;39.94;24.56;25.96;
930.1;NaCl;20;200;;225.0000;286.2887;;3.1666;0.3958;0.0000;0.3958;1.5833;3.1666;12.6663;26.1243;41.1656;81.1438;55.0194;39.9781;17.4162;4.3541;0.7916;0.0000;39.93;24.50;26.00;
931.5;NaCl;20;200;;191.0000;278.7963;;6.7274;0.0000;0.0000;0.7915;1.1872;1.5829;13.0591;30.4712;38.3858;72.4186;52.2364;36.8029;19.7865;5.5402;0.7915;0.0000;39.95;24.75;26.06;
932.9;NaCl;20;200;;239.0000;265.7832;;4.7494;0.0000;0.3958;1.1873;0.7916;1.1873;11.8734;25.7258;37.9950;77.9688;53.8262;36.4118;11.0819;3.1662;0.0000;0.3958;39.98;24.89;26.14;
934.3;NaCl;20;200;;274.0000;264.9945;;1.9800;0.0000;0.0000;0.3960;1.9800;2.7721;15.8404;30.4928;39.6010;64.1536;47.1252;43.5611;13.0683;2.7721;2.3761;0.0000;39.96;24.86;26.20;
935.7;NaCl;20;200;;231.0000;274.4586;;2.7722;0.0000;0.0000;0.0000;1.5841;2.7722;11.8811;24.5542;42.3758;79.2070;52.6727;44.3559;10.2969;1.9802;0.7921;0.3960;39.97;24.79;26.31;
937.1;NaCl;20;200;;217.0000;272.4869;;1.9794;0.0000;0.3959;0.3959;1.9794;2.3753;13.4600;36.0253;45.5265;76.8012;46.3183;34.0459;11.0847;2.3753;0.0000;0.7918;39.95;24.79;26.25;
938.5;NaCl;20;200;;244.0000;252.0008;;2.3645;0.3941;0.3941;1.5764;1.1823;1.1823;11.0345;39.4088;40.5911;67.3891;48.0788;29.9507;7.4877;1.5764;0.3941;0.0000;39.97;25.07;26.28;
939.9;NaCl;20;200;;248.0000;291.6458;;1.1823;0.3941;0.3941;1.1823;0.3941;2.7587;15.3698;32.3159;52.0208;63.8437;60.6909;41.3802;18.5226;2.3646;0.0000;0.0000;39.98;24.98;26.26;
941.3;NaCl;20;200;;215.0000;269.2719;;4.3361;0.0000;0.3942;0.7884;1.1826;5.1245;14.9792;31.5352;37.8422;65.0413;42.9667;44.5434;17.3443;3.5477;0.7884;0.0000;40.01;25.12;26.29;
942.7;NaCl;20;200;;242.0000;328.7256;;2.0022;0.0000;0.8009;0.4004;0.8009;1.6017;18.4200;32.8356;55.2599;74.8811;66.8724;59.6646;12.8139;3.6039;0.0000;0.0000;40.02;25.13;26.25;
944.1;NaCl;20;200;;233.0000;326.1830;;2.4179;0.4030;0.4030;0.4030;2.0149;2.0149;10.8803;35.8648;43.5214;88.2516;68.5058;53.5957;15.7160;2.8208;0.4030;0.0000;40.01;25.11;26.29;
945.5;NaCl;20;200;;221.0000;307.3029;;8.0624;0.0000;0.4031;0.8062;0.8062;4.0312;16.9311;39.1029;46.7622;64.4996;57.2434;49.1809;14.9155;4.8375;0.8062;0.0000;39.98;25.06;26.28;
946.9;NaCl;20;200;;240.0000;314.9353;;2.0164;0.0000;0.4033;0.8066;0.8066;4.0328;22.1803;48.7966;52.4261;78.2359;48.3933;38.3114;15.3245;3.6295;0.4033;0.4033;39.95;25.00;26.42;
948.4;NaCl;20;200;;235.0000;318.5696;;1.6084;0.4021;0.4021;0.4021;1.6084;0.8042;15.6822;41.0151;52.6763;74.7923;56.6974;51.4699;16.0844;5.6295;0.4021;0.4021;39.98;25.06;26.44;
949.8;NaCl;20;200;;239.0000;323.7724;;2.4106;0.0000;0.4018;0.8035;1.2053;1.2053;10.4461;30.9365;36.5613;89.9972;77.5422;53.0340;17.6780;2.8124;0.0000;0.0000;39.96;25.08;26.44;
951.2;NaCl;20;200;;205.0000;297.3584;;2.0090;0.0000;0.8036;0.0000;2.4107;2.8125;14.0627;33.3486;42.1880;81.1616;56.2506;45.4023;14.0627;4.0179;0.0000;0.0000;39.96;25.01;26.39;
952.6;NaCl;20;200;;252.0000;305.8394;;2.8010;0.4001;1.2004;2.4008;1.2004;2.8010;14.4050;34.4119;45.6158;76.4265;61.6214;42.0146;15.2053;5.6019;0.4001;0.4001;39.98;25.09;26.44;
954.0;NaCl;20;200;;244.0000;305.0419;;4.0019;0.0000;0.4002;0.0000;2.4011;2.0010;11.2053;28.8137;37.6179;78.8375;76.0362;49.2234;13.2063;2.4011;0.0000;0.0000;39.98;24.99;26.24;
955.4;NaCl;20;200;;195.0000;292.2819;;6.4030;0.4002;0.8004;1.2006;1.6008;2.0010;11.2053;28.4135;46.8223;75.6360;58.8280;43.2206;13.6065;3.2015;0.0000;0.0000;39.97;24.95;26.09;
956.8;NaCl;20;200;;203.0000;287.8957;;4.4005;0.0000;0.4000;1.2001;0.8001;2.4003;15.6017;38.4043;48.4054;67.6076;55.6062;39.2044;10.8012;3.2004;0.8001;0.0000;39.92;24.93;26.00;
958.2;NaCl;20;200;;244.0000;293.4782;;0.8006;0.0000;0.8006;1.6013;0.8006;2.8022;10.8086;31.6252;54.8437;76.4609;55.2440;46.4370;10.0080;2.4019;0.0000;0.0000;39.95;25.00;25.94;
959.6;NaCl;20;200;;213.0000;293.8769;;3.2019;0.0000;0.0000;0.4002;0.4002;1.6009;9.2054;28.8168;56.0326;80.8471;48.4282;44.8261;16.0093;4.0023;0.8005;0.4002;39.92;24.96;25.88;
961.0;NaCl;20;200;;246.0000;277.5283;;5.6036;0.0000;0.8005;2.0013;2.0013;1.6010;14.0091;33.2215;43.6282;58.0375;49.6321;42.4274;18.8122;5.6036;1.2008;0.0000;39.93;24.98;25.99;
962.4;NaCl;20;200;;229.0000;91.3132;;1.2009;0.0000;0.0000;0.0000;0.0000;0.4003;5.2040;10.8084;18.4143;20.0155;17.6137;13.6106;3.6028;0.8006;0.0000;0.0000;39.93;25.06;26.29;
963.8;NaCl;20;200;;193.0000;264.7684;;2.8040;0.0000;0.8011;1.6023;2.0028;1.2017;15.2216;38.4545;38.0539;66.4942;43.2613;41.2585;10.4148;3.2045;0.8011;0.4006;39.93;25.01;26.34;
965.2;NaCl;20;200;;199.0000;283.1107;;4.8038;0.0000;0.4003;1.6013;1.6013;2.0016;10.8086;26.4210;48.8389;72.4577;51.6411;43.6348;16.0128;3.6029;0.4003;0.0000;39.90;24.97;26.41;
966.6;NaCl;20;200;;209.0000;253.2047;;4.0008;0.0000;0.0000;0.0000;1.6003;1.6003;9.6019;31.2062;41.6082;65.2129;40.8081;38.4076;15.6031;2.8006;0.8002;0.8002;39.96;25.01;26.33;
968.0;NaCl;20;200;;201.0000;256.7934;;4.8031;0.0000;0.0000;1.2008;1.6010;2.4016;13.6088;34.0220;33.6217;55.2357;46.4300;41.2267;17.6114;4.4028;0.8005;0.8005;39.92;24.99;26.31;
969.4;NaCl;20;200;;211.0000;261.5784;;2.0011;0.0000;0.4002;0.8004;0.4002;3.2017;10.8058;24.0130;40.0216;65.6354;50.0270;39.6214;17.6095;6.4035;1.6009;0.0000;39.92;24.99;26.36;
970.8;NaCl;20;200;;197.0000;244.8310;;4.4027;0.0000;0.4002;0.0000;1.2007;3.2019;10.8065;29.6179;40.8247;54.8331;40.0242;34.4208;16.4099;8.8053;0.8005;0.0000;39.94;24.98;26.27;
972.3;NaCl;20;200;;205.0000;275.2038;;6.3566;0.3973;0.0000;0.3973;1.5892;1.5892;10.3296;25.0293;39.3318;61.9773;52.8396;42.5101;25.0293;7.1512;0.7946;0.7946;39.95;24.95;26.37;
973.7;NaCl;20;200;;207.0000;254.6130;;2.3854;0.0000;0.3976;1.1927;1.9878;2.3854;9.1439;28.2270;43.3343;58.0442;42.1417;40.1538;16.3001;8.3488;1.5903;0.0000;39.92;24.94;26.45;
975.1;NaCl;20;200;;231.0000;259.7607;;2.3786;0.3964;0.0000;0.3964;0.7929;1.5857;12.2894;26.1646;47.1756;64.2222;46.7791;38.4540;15.0645;3.1715;0.7929;0.3964;39.93;24.95;26.56;
976.5;NaCl;20;200;;276.0000;272.4320;;4.3726;0.0000;0.3975;1.5900;1.1925;1.1925;10.3353;34.5835;48.0989;74.7322;38.9561;41.7387;11.5278;3.5776;1.1925;0.0000;39.93;24.98;26.56;
977.9;NaCl;20;200;;211.0000;91.5178;;0.0000;0.3993;0.0000;0.0000;0.0000;0.7987;1.1980;8.7854;11.1814;23.9601;19.9667;13.5774;10.3827;1.1980;0.3993;0.0000;39.93;24.91;26.51;
979.3;NaCl;20;200;;199.0000;271.3702;;1.5979;0.0000;0.0000;0.3995;0.3995;0.3995;10.3863;35.9524;43.1429;70.7065;47.9366;35.1535;19.5741;3.1958;2.3968;1.1984;39.95;25.03;26.62;
980.7;NaCl;20;200;;246.0000;209.6625;;3.5743;0.3971;0.3971;0.3971;1.9857;0.7943;5.1628;15.0913;28.1969;53.2168;39.7140;38.9197;16.6799;4.7657;0.7943;0.3971;39.97;25.03;26.69;
982.1;NaCl;20;200;;225.0000;278.8907;;3.1766;0.0000;0.0000;0.3971;0.0000;0.3971;5.9562;30.1781;41.6935;67.9008;68.6949;39.3110;18.2657;3.5737;0.0000;0.3971;39.99;24.99;26.72;
983.5;NaCl;20;200;;233.0000;316.8674;;8.3446;0.3974;0.0000;1.5894;1.5894;1.9868;10.3314;22.2522;38.5441;78.2802;62.3857;56.8227;25.4311;7.9472;2.3842;0.0000;39.96;25.01;26.62;
985.0;NaCl;20;200;;292.0000;318.0541;;6.7533;0.0000;0.3973;0.3973;0.3973;0.7945;10.7258;29.3966;38.9306;90.5732;69.9161;42.5058;21.4515;4.3698;1.9863;0.7945;39.94;24.99;26.50;
986.4;NaCl;20;200;;256.0000;95.3371;;0.7945;0.0000;0.0000;0.0000;0.0000;0.3972;3.1779;8.3421;15.0952;22.6428;15.0952;20.6566;7.1504;1.9862;0.3972;0.0000;39.94;25.00;26.38;
987.8;NaCl;20;200;;195.0000;269.3966;;3.1751;0.0000;0.3969;0.7938;1.1907;3.9689;11.9068;33.3391;48.4210;70.2502;42.8645;34.1329;14.6851;4.3658;0.7938;0.0000;39.94;25.34;26.29;
989.2;NaCl;20;200;;254.0000;269.7922;;2.7794;0.0000;0.3971;0.0000;0.7941;3.1764;11.9117;30.5732;36.1320;69.8817;56.3818;41.6908;11.5146;2.7794;1.9853;0.7941;39.94;25.53;26.26;
990.6;NaCl;20;200;;248.0000;263.8583;;3.5740;0.0000;0.3971;0.3971;1.1913;2.3827;13.1048;33.3576;32.1663;72.2749;44.8740;38.1230;16.6788;4.3683;1.1913;0.7942;39.96;25.62;26.24;
992.0;NaCl;20;200;;248.0000;272.0860;;3.1615;0.3952;0.0000;0.0000;1.9759;0.3952;9.8795;31.6145;34.7760;64.4146;46.2362;50.5832;21.3398;5.9277;2.3711;0.0000;39.97;25.73;26.19;
993.4;NaCl;20;200;;288.0000;237.4354;;2.3699;0.0000;0.0000;0.3950;0.3950;1.9749;6.7148;19.7494;34.7589;69.1227;47.7934;38.7087;12.2446;3.9499;0.0000;0.0000;39.97;25.75;26.19;
994.8;NaCl;20;200;;276.0000;285.8675;;3.5570;0.0000;0.0000;1.9761;0.7904;1.9761;9.0901;30.0370;49.0078;79.8352;48.6125;41.8937;17.7851;1.1857;1.1857;0.0000;39.94;25.66;26.19;
996.2;NaCl;20;200;;239.0000;58.6698;;0.3957;0.3957;0.0000;0.0000;0.0000;0.0000;2.3740;5.5393;11.0786;14.2439;10.6829;10.6829;2.3740;0.3957;0.3957;0.3957;39.94;25.70;26.22;
997.6;NaCl;20;200;;240.0000;58.6698;;0.3952;0.0000;0.0000;0.7904;0.0000;0.0000;1.5808;7.1137;8.6946;14.2275;11.0658;9.4850;4.3473;0.7904;0.3952;0.0000;39.96;25.65;26.17;
999.0;NaCl;20;200;;225.0000;264.2108;;4.3503;0.0000;0.0000;0.3955;0.3955;1.5819;9.8869;24.1242;34.0111;61.2991;52.2031;51.0167;17.7965;5.5367;2.3729;0.3955;39.95;25.68;26.17;
